Station ID,Station Name,Province,Reported Station,Max Temp (°C),Date
41535,Abbotabad,KPK,Abbotabad,35,2025-04-30
41520,ASTORE,GB,ASTORE,27,2025-04-30
41710,NOKKUNDI,Balochistan,NOKKUNDI,43,2025-04-30
41567,Attock,Punjab,Attock,43,2025-04-30
41756,JIWANI,Balochistan,JIWANI,38,2025-04-30
41660,QUETTA,Balochistan,QUETTA,37,2025-04-30
41764,HYDERABAD,Sindh,HYDERABAD,45,2025-04-30
41577,ISLAMABAD,Islamabad,ISLAMABAD,38,2025-04-30
41757,GWADAR,Balochistan,GWADAR,38,2025-04-30
41724,SUKKUR,Sindh,SUKKUR,47,2025-04-30
43533,GARHI DOPATTA,Kashmir,GARHI DOPATTA,41,2025-04-30
41573,MURREE,Punjab,MURREE,27,2025-04-30
41675,MULTAN,Punjab,MULTAN,44,2025-04-30
41562,BANNU,KPK,BANNU,44,2025-04-30
41749,NAWABSHAH,Sindh,NAWABSHAH,49,2025-04-30
43534,Jammu,Kashmir,Jammu,38,2025-04-30
41743,DADU,Sindh,DADU,48,2025-04-30
43542,Anantnag,Kashmir,Anantnag,29,2025-04-30
41574,RAWALAKOT,Kashmir,RAWALAKOT,30,2025-04-30
41652,D G KHAN,Punjab,D G KHAN,45,2025-04-30
41517,SKARDU,GB,SKARDU,26,2025-04-30
41516,GILGIT,GB,GILGIT,34,2025-04-30
41630,FAISALABAD,Punjab,FAISALABAD,43,2025-04-30
43541,Pulwama,Kashmir,Pulwama,30,2025-04-30
41786,MITHI,Sindh,MITHI,45,2025-04-30
41747,MOHENJO-DARO,Sindh,MOHENJO-DARO,47,2025-04-30
41506,CHITRAL,KPK,CHITRAL,33,2025-04-30
41505,HUNZA,GB,HUNZA,30,2025-04-30
41783,THATTA,Sindh,THATTA,40,2025-04-30
41697,SIBBI,Balochistan,SIBBI,47,2025-04-30
41780,KARACHI,Sindh,KARACHI,39,2025-04-30
41640,LAHORE,Punjab,LAHORE,40,2025-04-30
43543,Shopian,Kashmir,Shopian,30,2025-04-30
43544,Baramulla,Kashmir,Baramulla,30,2025-04-30
43535,Leh,Kashmir,Leh,16,2025-04-30
41525,MALAM JABBA,KPK,MALAM JABBA,28,2025-04-30
41593,SARGODHA,Punjab,SARGODHA,42,2025-04-30
43536,Srinagar,Kashmir,Srinagar,31,2025-04-30
41598,JHELUM,Punjab,JHELUM,40,2025-04-30
41530,PESHAWAR AIRPORT,KPK,PESHAWAR AIRPORT,41,2025-04-30
41508,DIR,KPK,DIR,35,2025-04-30
41624,D-I-KHAN,KPK,D-I-KHAN,45,2025-04-30
41738,TURBAT,Balochistan,TURBAT,46,2025-04-30
41634,CHAKWAL,Punjab,CHAKWAL,40,2025-04-30
41523,SAIDU SHARIF,KPK,SAIDU SHARIF,37,2025-04-30
41571,RAWALPINDI,Punjab,RAWALPINDI,37,2025-04-30
41696,KALAT,Balochistan,KALAT,32,2025-04-30
43532,MUZAFFARABAD,Kashmir,MUZAFFARABAD,41,2025-04-30
41680,SAHIWAL,Punjab,SAHIWAL,44,2025-04-30
41700,BAHAWALPUR,Punjab,BAHAWALPUR,45,2025-04-30
43535,Leh,Kashmir,Leh,16,2025-04-29
41525,MALAM JABBA,KPK,MALAM JABBA,25,2025-04-29
41506,CHITRAL,KPK,CHITRAL,32,2025-04-29
41786,MITHI,Sindh,MITHI,44,2025-04-29
41562,BANNU,KPK,BANNU,42,2025-04-29
41505,HUNZA,GB,HUNZA,28,2025-04-29
41634,CHAKWAL,Punjab,CHAKWAL,40,2025-04-29
41757,GWADAR,Balochistan,GWADAR,39,2025-04-29
41535,Abbotabad,KPK,Abbotabad,35,2025-04-29
41747,MOHENJO-DARO,Sindh,MOHENJO-DARO,46,2025-04-29
41624,D-I-KHAN,KPK,D-I-KHAN,45,2025-04-29
41571,RAWALPINDI,Punjab,RAWALPINDI,39,2025-04-29
41520,ASTORE,GB,ASTORE,25,2025-04-29
41680,SAHIWAL,Punjab,SAHIWAL,42,2025-04-29
43543,Shopian,Kashmir,Shopian,28,2025-04-29
41640,LAHORE,Punjab,LAHORE,42,2025-04-29
41724,SUKKUR,Sindh,SUKKUR,45,2025-04-29
41517,SKARDU,GB,SKARDU,24,2025-04-29
43536,Srinagar,Kashmir,Srinagar,29,2025-04-29
43542,Anantnag,Kashmir,Anantnag,28,2025-04-29
41574,RAWALAKOT,Kashmir,RAWALAKOT,30,2025-04-29
41783,THATTA,Sindh,THATTA,38,2025-04-29
41593,SARGODHA,Punjab,SARGODHA,45,2025-04-29
41523,SAIDU SHARIF,KPK,SAIDU SHARIF,36,2025-04-29
41697,SIBBI,Balochistan,SIBBI,47,2025-04-29
43533,GARHI DOPATTA,Kashmir,GARHI DOPATTA,40,2025-04-29
41700,BAHAWALPUR,Punjab,BAHAWALPUR,43,2025-04-29
41573,MURREE,Punjab,MURREE,28,2025-04-29
41567,Attock,Punjab,Attock,43,2025-04-29
43541,Pulwama,Kashmir,Pulwama,27,2025-04-29
43532,MUZAFFARABAD,Kashmir,MUZAFFARABAD,38,2025-04-29
41508,DIR,KPK,DIR,34,2025-04-29
41530,PESHAWAR AIRPORT,KPK,PESHAWAR AIRPORT,43,2025-04-29
41652,D G KHAN,Punjab,D G KHAN,44,2025-04-29
41749,NAWABSHAH,Sindh,NAWABSHAH,47,2025-04-29
41743,DADU,Sindh,DADU,46,2025-04-29
41630,FAISALABAD,Punjab,FAISALABAD,43,2025-04-29
41756,JIWANI,Balochistan,JIWANI,38,2025-04-29
41710,NOKKUNDI,Balochistan,NOKKUNDI,44,2025-04-29
43544,Baramulla,Kashmir,Baramulla,27,2025-04-29
41675,MULTAN,Punjab,MULTAN,43,2025-04-29
41516,GILGIT,GB,GILGIT,34,2025-04-29
41764,HYDERABAD,Sindh,HYDERABAD,44,2025-04-29
43534,Jammu,Kashmir,Jammu,40,2025-04-29
41696,KALAT,Balochistan,KALAT,31,2025-04-29
41780,KARACHI,Sindh,KARACHI,37,2025-04-29
41660,QUETTA,Balochistan,QUETTA,36,2025-04-29
41577,ISLAMABAD,Islamabad,ISLAMABAD,40,2025-04-29
41598,JHELUM,Punjab,JHELUM,43,2025-04-29
41738,TURBAT,Balochistan,TURBAT,47,2025-04-29
41700,BAHAWALPUR,Punjab,BAHAWALPUR,43,2025-04-28
41764,HYDERABAD,Sindh,HYDERABAD,42,2025-04-28
43532,MUZAFFARABAD,Kashmir,MUZAFFARABAD,36,2025-04-28
43542,Anantnag,Kashmir,Anantnag,27,2025-04-28
41598,JHELUM,Punjab,JHELUM,42,2025-04-28
43534,Jammu,Kashmir,Jammu,40,2025-04-28
41634,CHAKWAL,Punjab,CHAKWAL,38,2025-04-28
43533,GARHI DOPATTA,Kashmir,GARHI DOPATTA,37,2025-04-28
41749,NAWABSHAH,Sindh,NAWABSHAH,48,2025-04-28
41660,QUETTA,Balochistan,QUETTA,35,2025-04-28
41517,SKARDU,GB,SKARDU,23,2025-04-28
41577,ISLAMABAD,Islamabad,ISLAMABAD,38,2025-04-28
41710,NOKKUNDI,Balochistan,NOKKUNDI,43,2025-04-28
41747,MOHENJO-DARO,Sindh,MOHENJO-DARO,45,2025-04-28
41520,ASTORE,GB,ASTORE,23,2025-04-28
41567,Attock,Punjab,Attock,40,2025-04-28
41574,RAWALAKOT,Kashmir,RAWALAKOT,28,2025-04-28
43541,Pulwama,Kashmir,Pulwama,26,2025-04-28
41680,SAHIWAL,Punjab,SAHIWAL,42,2025-04-28
41675,MULTAN,Punjab,MULTAN,42,2025-04-28
41573,MURREE,Punjab,MURREE,25,2025-04-28
41530,PESHAWAR AIRPORT,KPK,PESHAWAR AIRPORT,40,2025-04-28
41571,RAWALPINDI,Punjab,RAWALPINDI,37,2025-04-28
41756,JIWANI,Balochistan,JIWANI,38,2025-04-28
41630,FAISALABAD,Punjab,FAISALABAD,40,2025-04-28
41508,DIR,KPK,DIR,32,2025-04-28
43535,Leh,Kashmir,Leh,14,2025-04-28
41696,KALAT,Balochistan,KALAT,30,2025-04-28
41523,SAIDU SHARIF,KPK,SAIDU SHARIF,34,2025-04-28
43536,Srinagar,Kashmir,Srinagar,26,2025-04-28
41640,LAHORE,Punjab,LAHORE,40,2025-04-28
41562,BANNU,KPK,BANNU,40,2025-04-28
41652,D G KHAN,Punjab,D G KHAN,43,2025-04-28
43544,Baramulla,Kashmir,Baramulla,26,2025-04-28
41593,SARGODHA,Punjab,SARGODHA,43,2025-04-28
41506,CHITRAL,KPK,CHITRAL,30,2025-04-28
41505,HUNZA,GB,HUNZA,26,2025-04-28
41525,MALAM JABBA,KPK,MALAM JABBA,24,2025-04-28
43543,Shopian,Kashmir,Shopian,27,2025-04-28
41743,DADU,Sindh,DADU,46,2025-04-28
41783,THATTA,Sindh,THATTA,38,2025-04-28
41516,GILGIT,GB,GILGIT,32,2025-04-28
41624,D-I-KHAN,KPK,D-I-KHAN,43,2025-04-28
41757,GWADAR,Balochistan,GWADAR,39,2025-04-28
41697,SIBBI,Balochistan,SIBBI,47,2025-04-28
41535,Abbotabad,KPK,Abbotabad,32,2025-04-28
41786,MITHI,Sindh,MITHI,45,2025-04-28
41780,KARACHI,Sindh,KARACHI,36,2025-04-28
41738,TURBAT,Balochistan,TURBAT,46,2025-04-28
41724,SUKKUR,Sindh,SUKKUR,46,2025-04-28
41523,SAIDU SHARIF,KPK,SAIDU SHARIF,34,2025-04-27
41640,LAHORE,Punjab,LAHORE,41,2025-04-27
41525,MALAM JABBA,KPK,MALAM JABBA,22,2025-04-27
41747,MOHENJO-DARO,Sindh,MOHENJO-DARO,45,2025-04-27
41724,SUKKUR,Sindh,SUKKUR,45,2025-04-27
41520,ASTORE,GB,ASTORE,19,2025-04-27
41675,MULTAN,Punjab,MULTAN,41,2025-04-27
41624,D-I-KHAN,KPK,D-I-KHAN,40,2025-04-27
41680,SAHIWAL,Punjab,SAHIWAL,41,2025-04-27
41562,BANNU,KPK,BANNU,39,2025-04-27
41571,RAWALPINDI,Punjab,RAWALPINDI,24,2025-04-27
41516,GILGIT,GB,GILGIT,29,2025-04-27
43534,Jammu,Kashmir,Jammu,39,2025-04-27
43536,Srinagar,Kashmir,Srinagar,22,2025-04-27
41567,Attock,Punjab,Attock,37,2025-04-27
41573,MURREE,Punjab,MURREE,20,2025-04-27
41593,SARGODHA,Punjab,SARGODHA,40,2025-04-27
43535,Leh,Kashmir,Leh,13,2025-04-27
41757,GWADAR,Balochistan,GWADAR,41,2025-04-27
41535,Abbotabad,KPK,Abbotabad,29,2025-04-27
41738,TURBAT,Balochistan,TURBAT,46,2025-04-27
41743,DADU,Sindh,DADU,48,2025-04-27
41630,FAISALABAD,Punjab,FAISALABAD,40,2025-04-27
41786,MITHI,Sindh,MITHI,44,2025-04-27
41530,PESHAWAR AIRPORT,KPK,PESHAWAR AIRPORT,39,2025-04-27
41783,THATTA,Sindh,THATTA,41,2025-04-27
41749,NAWABSHAH,Sindh,NAWABSHAH,46,2025-04-27
43541,Pulwama,Kashmir,Pulwama,26,2025-04-27
43543,Shopian,Kashmir,Shopian,27,2025-04-27
41780,KARACHI,Sindh,KARACHI,39,2025-04-27
41700,BAHAWALPUR,Punjab,BAHAWALPUR,42,2025-04-27
41660,QUETTA,Balochistan,QUETTA,33,2025-04-27
41505,HUNZA,GB,HUNZA,23,2025-04-27
43544,Baramulla,Kashmir,Baramulla,26,2025-04-27
41506,CHITRAL,KPK,CHITRAL,30,2025-04-27
43532,MUZAFFARABAD,Kashmir,MUZAFFARABAD,33,2025-04-27
43533,GARHI DOPATTA,Kashmir,GARHI DOPATTA,31,2025-04-27
41652,D G KHAN,Punjab,D G KHAN,42,2025-04-27
41574,RAWALAKOT,Kashmir,RAWALAKOT,22,2025-04-27
41696,KALAT,Balochistan,KALAT,28,2025-04-27
41508,DIR,KPK,DIR,30,2025-04-27
41710,NOKKUNDI,Balochistan,NOKKUNDI,41,2025-04-27
41756,JIWANI,Balochistan,JIWANI,38,2025-04-27
41764,HYDERABAD,Sindh,HYDERABAD,43,2025-04-27
41697,SIBBI,Balochistan,SIBBI,48,2025-04-27
41517,SKARDU,GB,SKARDU,19,2025-04-27
43542,Anantnag,Kashmir,Anantnag,27,2025-04-27
41634,CHAKWAL,Punjab,CHAKWAL,38,2025-04-27
41577,ISLAMABAD,Islamabad,ISLAMABAD,35,2025-04-27
41598,JHELUM,Punjab,JHELUM,38,2025-04-27
41680,SAHIWAL,Punjab,SAHIWAL,42,2025-04-26
41523,SAIDU SHARIF,KPK,SAIDU SHARIF,33,2025-04-26
41697,SIBBI,Balochistan,SIBBI,46,2025-04-26
41571,RAWALPINDI,Punjab,RAWALPINDI,36,2025-04-26
41749,NAWABSHAH,Sindh,NAWABSHAH,47,2025-04-26
41747,MOHENJO-DARO,Sindh,MOHENJO-DARO,44,2025-04-26
41675,MULTAN,Punjab,MULTAN,42,2025-04-26
41562,BANNU,KPK,BANNU,38,2025-04-26
41624,D-I-KHAN,KPK,D-I-KHAN,41,2025-04-26
41786,MITHI,Sindh,MITHI,45,2025-04-26
41508,DIR,KPK,DIR,29,2025-04-26
43532,MUZAFFARABAD,Kashmir,MUZAFFARABAD,35,2025-04-26
41780,KARACHI,Sindh,KARACHI,35,2025-04-26
41634,CHAKWAL,Punjab,CHAKWAL,37,2025-04-26
41756,JIWANI,Balochistan,JIWANI,40,2025-04-26
43544,Baramulla,Kashmir,Baramulla,25,2025-04-26
41696,KALAT,Balochistan,KALAT,26,2025-04-26
41567,Attock,Punjab,Attock,37,2025-04-26
41598,JHELUM,Punjab,JHELUM,40,2025-04-26
41535,Abbotabad,KPK,Abbotabad,30,2025-04-26
41660,QUETTA,Balochistan,QUETTA,31,2025-04-26
43542,Anantnag,Kashmir,Anantnag,24,2025-04-26
41525,MALAM JABBA,KPK,MALAM JABBA,21,2025-04-26
41520,ASTORE,GB,ASTORE,19,2025-04-26
41573,MURREE,Punjab,MURREE,24,2025-04-26
41710,NOKKUNDI,Balochistan,NOKKUNDI,40,2025-04-26
41757,GWADAR,Balochistan,GWADAR,39,2025-04-26
41738,TURBAT,Balochistan,TURBAT,45,2025-04-26
41743,DADU,Sindh,DADU,45,2025-04-26
41783,THATTA,Sindh,THATTA,38,2025-04-26
41700,BAHAWALPUR,Punjab,BAHAWALPUR,44,2025-04-26
41505,HUNZA,GB,HUNZA,19,2025-04-26
43536,Srinagar,Kashmir,Srinagar,24,2025-04-26
41577,ISLAMABAD,Islamabad,ISLAMABAD,37,2025-04-26
43533,GARHI DOPATTA,Kashmir,GARHI DOPATTA,35,2025-04-26
41652,D G KHAN,Punjab,D G KHAN,41,2025-04-26
43541,Pulwama,Kashmir,Pulwama,24,2025-04-26
41724,SUKKUR,Sindh,SUKKUR,44,2025-04-26
41764,HYDERABAD,Sindh,HYDERABAD,43,2025-04-26
41516,GILGIT,GB,GILGIT,27,2025-04-26
41630,FAISALABAD,Punjab,FAISALABAD,41,2025-04-26
41517,SKARDU,GB,SKARDU,19,2025-04-26
41574,RAWALAKOT,Kashmir,RAWALAKOT,26,2025-04-26
43543,Shopian,Kashmir,Shopian,25,2025-04-26
41506,CHITRAL,KPK,CHITRAL,28,2025-04-26
41593,SARGODHA,Punjab,SARGODHA,41,2025-04-26
43534,Jammu,Kashmir,Jammu,39,2025-04-26
41530,PESHAWAR AIRPORT,KPK,PESHAWAR AIRPORT,38,2025-04-26
41640,LAHORE,Punjab,LAHORE,41,2025-04-26
43542,Anantnag,Kashmir,Anantnag,24,2025-04-25
41505,HUNZA,GB,HUNZA,19,2025-04-25
41764,HYDERABAD,Sindh,HYDERABAD,43,2025-04-25
41517,SKARDU,GB,SKARDU,19,2025-04-25
41598,JHELUM,Punjab,JHELUM,40,2025-04-25
43536,Srinagar,Kashmir,Srinagar,24,2025-04-25
43534,Jammu,Kashmir,Jammu,39,2025-04-25
41757,GWADAR,Balochistan,GWADAR,39,2025-04-25
41577,ISLAMABAD,Islamabad,ISLAMABAD,37,2025-04-25
41780,KARACHI,Sindh,KARACHI,35,2025-04-25
41749,NAWABSHAH,Sindh,NAWABSHAH,47,2025-04-25
41710,NOKKUNDI,Balochistan,NOKKUNDI,40,2025-04-25
41634,CHAKWAL,Punjab,CHAKWAL,37,2025-04-25
41535,Abbotabad,KPK,Abbotabad,30,2025-04-25
41516,GILGIT,GB,GILGIT,27,2025-04-25
43544,Baramulla,Kashmir,Baramulla,23,2025-04-25
41567,Attock,Punjab,Attock,37,2025-04-25
41700,BAHAWALPUR,Punjab,BAHAWALPUR,44,2025-04-25
41520,ASTORE,GB,ASTORE,19,2025-04-25
41506,CHITRAL,KPK,CHITRAL,28,2025-04-25
41562,BANNU,KPK,BANNU,38,2025-04-25
41652,D G KHAN,Punjab,D G KHAN,41,2025-04-25
41697,SIBBI,Balochistan,SIBBI,46,2025-04-25
41574,RAWALAKOT,Kashmir,RAWALAKOT,26,2025-04-25
43532,MUZAFFARABAD,Kashmir,MUZAFFARABAD,35,2025-04-25
41675,MULTAN,Punjab,MULTAN,42,2025-04-25
41508,DIR,KPK,DIR,29,2025-04-25
43541,Pulwama,Kashmir,Pulwama,24,2025-04-25
41630,FAISALABAD,Punjab,FAISALABAD,41,2025-04-25
41696,KALAT,Balochistan,KALAT,26,2025-04-25
41680,SAHIWAL,Punjab,SAHIWAL,42,2025-04-25
41783,THATTA,Sindh,THATTA,38,2025-04-25
41743,DADU,Sindh,DADU,45,2025-04-25
41660,QUETTA,Balochistan,QUETTA,31,2025-04-25
41747,MOHENJO-DARO,Sindh,MOHENJO-DARO,44,2025-04-25
41530,PESHAWAR AIRPORT,KPK,PESHAWAR AIRPORT,38,2025-04-25
41724,SUKKUR,Sindh,SUKKUR,44,2025-04-25
41525,MALAM JABBA,KPK,MALAM JABBA,21,2025-04-25
41786,MITHI,Sindh,MITHI,45,2025-04-25
43533,GARHI DOPATTA,Kashmir,GARHI DOPATTA,35,2025-04-25
41523,SAIDU SHARIF,KPK,SAIDU SHARIF,33,2025-04-25
43535,Leh,Kashmir,Leh,10,2025-04-25
41573,MURREE,Punjab,MURREE,24,2025-04-25
41571,RAWALPINDI,Punjab,RAWALPINDI,36,2025-04-25
41640,LAHORE,Punjab,LAHORE,41,2025-04-25
41593,SARGODHA,Punjab,SARGODHA,41,2025-04-25
43543,Shopian,Kashmir,Shopian,25,2025-04-25
41738,TURBAT,Balochistan,TURBAT,45,2025-04-25
41624,D-I-KHAN,KPK,D-I-KHAN,41,2025-04-25
41756,JIWANI,Balochistan,JIWANI,40,2025-04-25
41743,DADU,Sindh,DADU,44,2025-04-24
41652,D G KHAN,Punjab,D G KHAN,41,2025-04-24
41724,SUKKUR,Sindh,SUKKUR,43,2025-04-24
41710,NOKKUNDI,Balochistan,NOKKUNDI,37,2025-04-24
41525,MALAM JABBA,KPK,MALAM JABBA,20,2025-04-24
41530,PESHAWAR AIRPORT,KPK,PESHAWAR AIRPORT,37,2025-04-24
43534,Jammu,Kashmir,Jammu,37,2025-04-24
41567,Attock,Punjab,Attock,36,2025-04-24
41577,ISLAMABAD,Islamabad,ISLAMABAD,36,2025-04-24
41506,CHITRAL,KPK,CHITRAL,26,2025-04-24
41624,D-I-KHAN,KPK,D-I-KHAN,41,2025-04-24
43541,Pulwama,Kashmir,Pulwama,23,2025-04-24
41535,Abbotabad,KPK,Abbotabad,27,2025-04-24
41505,HUNZA,GB,HUNZA,17,2025-04-24
41783,THATTA,Sindh,THATTA,41,2025-04-24
43543,Shopian,Kashmir,Shopian,24,2025-04-24
41680,SAHIWAL,Punjab,SAHIWAL,41,2025-04-24
41764,HYDERABAD,Sindh,HYDERABAD,44,2025-04-24
41520,ASTORE,GB,ASTORE,19,2025-04-24
41593,SARGODHA,Punjab,SARGODHA,41,2025-04-24
41660,QUETTA,Balochistan,QUETTA,29,2025-04-24
41523,SAIDU SHARIF,KPK,SAIDU SHARIF,32,2025-04-24
41675,MULTAN,Punjab,MULTAN,40,2025-04-24
41630,FAISALABAD,Punjab,FAISALABAD,40,2025-04-24
41780,KARACHI,Sindh,KARACHI,39,2025-04-24
41571,RAWALPINDI,Punjab,RAWALPINDI,34,2025-04-24
41508,DIR,KPK,DIR,26,2025-04-24
41573,MURREE,Punjab,MURREE,23,2025-04-24
43544,Baramulla,Kashmir,Baramulla,25,2025-04-24
43542,Anantnag,Kashmir,Anantnag,24,2025-04-24
41757,GWADAR,Balochistan,GWADAR,34,2025-04-24
41786,MITHI,Sindh,MITHI,44,2025-04-24
41700,BAHAWALPUR,Punjab,BAHAWALPUR,41,2025-04-24
41697,SIBBI,Balochistan,SIBBI,43,2025-04-24
41738,TURBAT,Balochistan,TURBAT,43,2025-04-24
41598,JHELUM,Punjab,JHELUM,39,2025-04-24
41574,RAWALAKOT,Kashmir,RAWALAKOT,26,2025-04-24
43535,Leh,Kashmir,Leh,4,2025-04-24
41516,GILGIT,GB,GILGIT,26,2025-04-24
43532,MUZAFFARABAD,Kashmir,MUZAFFARABAD,35,2025-04-24
41696,KALAT,Balochistan,KALAT,26,2025-04-24
41517,SKARDU,GB,SKARDU,19,2025-04-24
43533,GARHI DOPATTA,Kashmir,GARHI DOPATTA,33,2025-04-24
41562,BANNU,KPK,BANNU,37,2025-04-24
41756,JIWANI,Balochistan,JIWANI,33,2025-04-24
41640,LAHORE,Punjab,LAHORE,40,2025-04-24
41747,MOHENJO-DARO,Sindh,MOHENJO-DARO,44,2025-04-24
41749,NAWABSHAH,Sindh,NAWABSHAH,46,2025-04-24
41634,CHAKWAL,Punjab,CHAKWAL,35,2025-04-24
41530,PESHAWAR AIRPORT,KPK,PESHAWAR AIRPORT,37,2025-04-23
41573,MURREE,Punjab,MURREE,23,2025-04-23
41652,D G KHAN,Punjab,D G KHAN,40,2025-04-23
41593,SARGODHA,Punjab,SARGODHA,40,2025-04-23
41634,CHAKWAL,Punjab,CHAKWAL,36,2025-04-23
41749,NAWABSHAH,Sindh,NAWABSHAH,43,2025-04-23
41710,NOKKUNDI,Balochistan,NOKKUNDI,36,2025-04-23
43534,Jammu,Kashmir,Jammu,37,2025-04-23
43532,MUZAFFARABAD,Kashmir,MUZAFFARABAD,34,2025-04-23
41598,JHELUM,Punjab,JHELUM,39,2025-04-23
41574,RAWALAKOT,Kashmir,RAWALAKOT,25,2025-04-23
41506,CHITRAL,KPK,CHITRAL,22,2025-04-23
43536,Srinagar,Kashmir,Srinagar,23,2025-04-23
41700,BAHAWALPUR,Punjab,BAHAWALPUR,40,2025-04-23
41724,SUKKUR,Sindh,SUKKUR,42,2025-04-23
41756,JIWANI,Balochistan,JIWANI,38,2025-04-23
43543,Shopian,Kashmir,Shopian,22,2025-04-23
41660,QUETTA,Balochistan,QUETTA,27,2025-04-23
43542,Anantnag,Kashmir,Anantnag,22,2025-04-23
41738,TURBAT,Balochistan,TURBAT,42,2025-04-23
41562,BANNU,KPK,BANNU,38,2025-04-23
41783,THATTA,Sindh,THATTA,40,2025-04-23
41508,DIR,KPK,DIR,25,2025-04-23
41757,GWADAR,Balochistan,GWADAR,40,2025-04-23
41535,Abbotabad,KPK,Abbotabad,28,2025-04-23
41630,FAISALABAD,Punjab,FAISALABAD,40,2025-04-23
41747,MOHENJO-DARO,Sindh,MOHENJO-DARO,42,2025-04-23
43544,Baramulla,Kashmir,Baramulla,23,2025-04-23
41516,GILGIT,GB,GILGIT,23,2025-04-23
41523,SAIDU SHARIF,KPK,SAIDU SHARIF,32,2025-04-23
41571,RAWALPINDI,Punjab,RAWALPINDI,35,2025-04-23
41696,KALAT,Balochistan,KALAT,23,2025-04-23
41577,ISLAMABAD,Islamabad,ISLAMABAD,36,2025-04-23
41675,MULTAN,Punjab,MULTAN,39,2025-04-23
41567,Attock,Punjab,Attock,36,2025-04-23
41743,DADU,Sindh,DADU,43,2025-04-23
41520,ASTORE,GB,ASTORE,17,2025-04-23
41525,MALAM JABBA,KPK,MALAM JABBA,19,2025-04-23
41780,KARACHI,Sindh,KARACHI,39,2025-04-23
41505,HUNZA,GB,HUNZA,16,2025-04-23
43533,GARHI DOPATTA,Kashmir,GARHI DOPATTA,31,2025-04-23
41764,HYDERABAD,Sindh,HYDERABAD,41,2025-04-23
41517,SKARDU,GB,SKARDU,18,2025-04-23
43535,Leh,Kashmir,Leh,4,2025-04-23
41680,SAHIWAL,Punjab,SAHIWAL,42,2025-04-23
41624,D-I-KHAN,KPK,D-I-KHAN,40,2025-04-23
41697,SIBBI,Balochistan,SIBBI,41,2025-04-23
41640,LAHORE,Punjab,LAHORE,38,2025-04-23
41786,MITHI,Sindh,MITHI,43,2025-04-23
43541,Pulwama,Kashmir,Pulwama,23,2025-04-23
43532,MUZAFFARABAD,Kashmir,MUZAFFARABAD,33,2025-04-22
41573,MURREE,Punjab,MURREE,23,2025-04-22
41508,DIR,KPK,DIR,26,2025-04-22
41700,BAHAWALPUR,Punjab,BAHAWALPUR,39,2025-04-22
41697,SIBBI,Balochistan,SIBBI,39,2025-04-22
41660,QUETTA,Balochistan,QUETTA,25,2025-04-22
41749,NAWABSHAH,Sindh,NAWABSHAH,42,2025-04-22
41743,DADU,Sindh,DADU,41,2025-04-22
41710,NOKKUNDI,Balochistan,NOKKUNDI,33,2025-04-22
41675,MULTAN,Punjab,MULTAN,39,2025-04-22
41652,D G KHAN,Punjab,D G KHAN,39,2025-04-22
43543,Shopian,Kashmir,Shopian,21,2025-04-22
41574,RAWALAKOT,Kashmir,RAWALAKOT,25,2025-04-22
41783,THATTA,Sindh,THATTA,40,2025-04-22
43542,Anantnag,Kashmir,Anantnag,20,2025-04-22
41530,PESHAWAR AIRPORT,KPK,PESHAWAR AIRPORT,35,2025-04-22
41786,MITHI,Sindh,MITHI,42,2025-04-22
41680,SAHIWAL,Punjab,SAHIWAL,40,2025-04-22
41562,BANNU,KPK,BANNU,35,2025-04-22
41630,FAISALABAD,Punjab,FAISALABAD,39,2025-04-22
43541,Pulwama,Kashmir,Pulwama,20,2025-04-22
41624,D-I-KHAN,KPK,D-I-KHAN,39,2025-04-22
41567,Attock,Punjab,Attock,35,2025-04-22
41523,SAIDU SHARIF,KPK,SAIDU SHARIF,30,2025-04-22
41535,Abbotabad,KPK,Abbotabad,27,2025-04-22
43536,Srinagar,Kashmir,Srinagar,19,2025-04-22
41593,SARGODHA,Punjab,SARGODHA,39,2025-04-22
43544,Baramulla,Kashmir,Baramulla,22,2025-04-22
41747,MOHENJO-DARO,Sindh,MOHENJO-DARO,40,2025-04-22
41517,SKARDU,GB,SKARDU,18,2025-04-22
41516,GILGIT,GB,GILGIT,22,2025-04-22
41738,TURBAT,Balochistan,TURBAT,40,2025-04-22
43535,Leh,Kashmir,Leh,3,2025-04-22
41640,LAHORE,Punjab,LAHORE,38,2025-04-22
43533,GARHI DOPATTA,Kashmir,GARHI DOPATTA,32,2025-04-22
43534,Jammu,Kashmir,Jammu,35,2025-04-22
41525,MALAM JABBA,KPK,MALAM JABBA,18,2025-04-22
41634,CHAKWAL,Punjab,CHAKWAL,36,2025-04-22
41571,RAWALPINDI,Punjab,RAWALPINDI,34,2025-04-22
41520,ASTORE,GB,ASTORE,16,2025-04-22
41696,KALAT,Balochistan,KALAT,21,2025-04-22
41505,HUNZA,GB,HUNZA,14,2025-04-22
41757,GWADAR,Balochistan,GWADAR,38,2025-04-22
41756,JIWANI,Balochistan,JIWANI,36,2025-04-22
41506,CHITRAL,KPK,CHITRAL,22,2025-04-22
41724,SUKKUR,Sindh,SUKKUR,40,2025-04-22
41598,JHELUM,Punjab,JHELUM,39,2025-04-22
41764,HYDERABAD,Sindh,HYDERABAD,39,2025-04-22
41577,ISLAMABAD,Islamabad,ISLAMABAD,35,2025-04-22
41780,KARACHI,Sindh,KARACHI,41,2025-04-22
43544,Baramulla,Kashmir,Baramulla,23,2025-04-21
43533,GARHI DOPATTA,Kashmir,GARHI DOPATTA,31,2025-04-21
41700,BAHAWALPUR,Punjab,BAHAWALPUR,39,2025-04-21
41780,KARACHI,Sindh,KARACHI,40,2025-04-21
41506,CHITRAL,KPK,CHITRAL,15,2025-04-21
41573,MURREE,Punjab,MURREE,22,2025-04-21
41630,FAISALABAD,Punjab,FAISALABAD,38,2025-04-21
41574,RAWALAKOT,Kashmir,RAWALAKOT,24,2025-04-21
41523,SAIDU SHARIF,KPK,SAIDU SHARIF,26,2025-04-21
41516,GILGIT,GB,GILGIT,21,2025-04-21
43535,Leh,Kashmir,Leh,2,2025-04-21
41571,RAWALPINDI,Punjab,RAWALPINDI,32,2025-04-21
41525,MALAM JABBA,KPK,MALAM JABBA,16,2025-04-21
41786,MITHI,Sindh,MITHI,42,2025-04-21
41697,SIBBI,Balochistan,SIBBI,38,2025-04-21
41724,SUKKUR,Sindh,SUKKUR,40,2025-04-21
41508,DIR,KPK,DIR,22,2025-04-21
41598,JHELUM,Punjab,JHELUM,36,2025-04-21
41624,D-I-KHAN,KPK,D-I-KHAN,39,2025-04-21
41640,LAHORE,Punjab,LAHORE,39,2025-04-21
41652,D G KHAN,Punjab,D G KHAN,40,2025-04-21
41696,KALAT,Balochistan,KALAT,19,2025-04-21
41756,JIWANI,Balochistan,JIWANI,35,2025-04-21
41520,ASTORE,GB,ASTORE,17,2025-04-21
41675,MULTAN,Punjab,MULTAN,39,2025-04-21
41747,MOHENJO-DARO,Sindh,MOHENJO-DARO,40,2025-04-21
41680,SAHIWAL,Punjab,SAHIWAL,38,2025-04-21
43541,Pulwama,Kashmir,Pulwama,21,2025-04-21
41764,HYDERABAD,Sindh,HYDERABAD,41,2025-04-21
41535,Abbotabad,KPK,Abbotabad,26,2025-04-21
41757,GWADAR,Balochistan,GWADAR,38,2025-04-21
41517,SKARDU,GB,SKARDU,15,2025-04-21
43532,MUZAFFARABAD,Kashmir,MUZAFFARABAD,32,2025-04-21
41593,SARGODHA,Punjab,SARGODHA,38,2025-04-21
41749,NAWABSHAH,Sindh,NAWABSHAH,42,2025-04-21
43536,Srinagar,Kashmir,Srinagar,21,2025-04-21
43543,Shopian,Kashmir,Shopian,22,2025-04-21
41743,DADU,Sindh,DADU,41,2025-04-21
41783,THATTA,Sindh,THATTA,37,2025-04-21
41634,CHAKWAL,Punjab,CHAKWAL,35,2025-04-21
41562,BANNU,KPK,BANNU,35,2025-04-21
43534,Jammu,Kashmir,Jammu,35,2025-04-21
41660,QUETTA,Balochistan,QUETTA,23,2025-04-21
41710,NOKKUNDI,Balochistan,NOKKUNDI,30,2025-04-21
43542,Anantnag,Kashmir,Anantnag,22,2025-04-21
41567,Attock,Punjab,Attock,34,2025-04-21
41577,ISLAMABAD,Islamabad,ISLAMABAD,32,2025-04-21
41738,TURBAT,Balochistan,TURBAT,38,2025-04-21
41530,PESHAWAR AIRPORT,KPK,PESHAWAR AIRPORT,34,2025-04-21
41505,HUNZA,GB,HUNZA,13,2025-04-21
41523,SAIDU SHARIF,KPK,SAIDU SHARIF,29,2025-04-20
41506,CHITRAL,KPK,CHITRAL,22,2025-04-20
41535,Abbotabad,KPK,Abbotabad,25,2025-04-20
41724,SUKKUR,Sindh,SUKKUR,42,2025-04-20
41574,RAWALAKOT,Kashmir,RAWALAKOT,21,2025-04-20
41783,THATTA,Sindh,THATTA,36,2025-04-20
41696,KALAT,Balochistan,KALAT,23,2025-04-20
41505,HUNZA,GB,HUNZA,13,2025-04-20
43542,Anantnag,Kashmir,Anantnag,22,2025-04-20
41562,BANNU,KPK,BANNU,35,2025-04-20
43532,MUZAFFARABAD,Kashmir,MUZAFFARABAD,26,2025-04-20
41680,SAHIWAL,Punjab,SAHIWAL,39,2025-04-20
43533,GARHI DOPATTA,Kashmir,GARHI DOPATTA,24,2025-04-20
41593,SARGODHA,Punjab,SARGODHA,37,2025-04-20
41571,RAWALPINDI,Punjab,RAWALPINDI,32,2025-04-20
41743,DADU,Sindh,DADU,43,2025-04-20
41652,D G KHAN,Punjab,D G KHAN,41,2025-04-20
41508,DIR,KPK,DIR,25,2025-04-20
41516,GILGIT,GB,GILGIT,20,2025-04-20
41630,FAISALABAD,Punjab,FAISALABAD,38,2025-04-20
41757,GWADAR,Balochistan,GWADAR,38,2025-04-20
41624,D-I-KHAN,KPK,D-I-KHAN,38,2025-04-20
41710,NOKKUNDI,Balochistan,NOKKUNDI,30,2025-04-20
41634,CHAKWAL,Punjab,CHAKWAL,34,2025-04-20
41700,BAHAWALPUR,Punjab,BAHAWALPUR,41,2025-04-20
41675,MULTAN,Punjab,MULTAN,40,2025-04-20
41756,JIWANI,Balochistan,JIWANI,36,2025-04-20
41780,KARACHI,Sindh,KARACHI,37,2025-04-20
41525,MALAM JABBA,KPK,MALAM JABBA,18,2025-04-20
41573,MURREE,Punjab,MURREE,19,2025-04-20
41660,QUETTA,Balochistan,QUETTA,23,2025-04-20
43534,Jammu,Kashmir,Jammu,36,2025-04-20
41567,Attock,Punjab,Attock,33,2025-04-20
43535,Leh,Kashmir,Leh,14,2025-04-20
41738,TURBAT,Balochistan,TURBAT,39,2025-04-20
41517,SKARDU,GB,SKARDU,8,2025-04-20
41520,ASTORE,GB,ASTORE,7,2025-04-20
41598,JHELUM,Punjab,JHELUM,37,2025-04-20
41764,HYDERABAD,Sindh,HYDERABAD,42,2025-04-20
41747,MOHENJO-DARO,Sindh,MOHENJO-DARO,43,2025-04-20
41749,NAWABSHAH,Sindh,NAWABSHAH,42,2025-04-20
43541,Pulwama,Kashmir,Pulwama,21,2025-04-20
41640,LAHORE,Punjab,LAHORE,39,2025-04-20
41577,ISLAMABAD,Islamabad,ISLAMABAD,34,2025-04-20
41697,SIBBI,Balochistan,SIBBI,40,2025-04-20
43536,Srinagar,Kashmir,Srinagar,21,2025-04-20
43543,Shopian,Kashmir,Shopian,22,2025-04-20
41786,MITHI,Sindh,MITHI,43,2025-04-20
41530,PESHAWAR AIRPORT,KPK,PESHAWAR AIRPORT,33,2025-04-20
43544,Baramulla,Kashmir,Baramulla,23,2025-04-20
41652,D G KHAN,Punjab,D G KHAN,43,2025-04-19
41598,JHELUM,Punjab,JHELUM,39,2025-04-19
41567,Attock,Punjab,Attock,38,2025-04-19
41747,MOHENJO-DARO,Sindh,MOHENJO-DARO,46,2025-04-19
41530,PESHAWAR AIRPORT,KPK,PESHAWAR AIRPORT,36,2025-04-19
41749,NAWABSHAH,Sindh,NAWABSHAH,47,2025-04-19
41660,QUETTA,Balochistan,QUETTA,32,2025-04-19
43542,Anantnag,Kashmir,Anantnag,23,2025-04-19
43534,Jammu,Kashmir,Jammu,37,2025-04-19
41508,DIR,KPK,DIR,26,2025-04-19
43532,MUZAFFARABAD,Kashmir,MUZAFFARABAD,36,2025-04-19
41680,SAHIWAL,Punjab,SAHIWAL,41,2025-04-19
41764,HYDERABAD,Sindh,HYDERABAD,42,2025-04-19
41577,ISLAMABAD,Islamabad,ISLAMABAD,36,2025-04-19
41593,SARGODHA,Punjab,SARGODHA,40,2025-04-19
41710,NOKKUNDI,Balochistan,NOKKUNDI,33,2025-04-19
41573,MURREE,Punjab,MURREE,25,2025-04-19
41700,BAHAWALPUR,Punjab,BAHAWALPUR,45,2025-04-19
43543,Shopian,Kashmir,Shopian,22,2025-04-19
41624,D-I-KHAN,KPK,D-I-KHAN,40,2025-04-19
43541,Pulwama,Kashmir,Pulwama,22,2025-04-19
41743,DADU,Sindh,DADU,47,2025-04-19
41505,HUNZA,GB,HUNZA,15,2025-04-19
41523,SAIDU SHARIF,KPK,SAIDU SHARIF,32,2025-04-19
41675,MULTAN,Punjab,MULTAN,42,2025-04-19
41783,THATTA,Sindh,THATTA,37,2025-04-19
41640,LAHORE,Punjab,LAHORE,39,2025-04-19
41786,MITHI,Sindh,MITHI,44,2025-04-19
43533,GARHI DOPATTA,Kashmir,GARHI DOPATTA,35,2025-04-19
41634,CHAKWAL,Punjab,CHAKWAL,38,2025-04-19
41525,MALAM JABBA,KPK,MALAM JABBA,21,2025-04-19
41574,RAWALAKOT,Kashmir,RAWALAKOT,26,2025-04-19
41562,BANNU,KPK,BANNU,36,2025-04-19
41520,ASTORE,GB,ASTORE,12,2025-04-19
43535,Leh,Kashmir,Leh,17,2025-04-19
41630,FAISALABAD,Punjab,FAISALABAD,40,2025-04-19
41697,SIBBI,Balochistan,SIBBI,47,2025-04-19
41738,TURBAT,Balochistan,TURBAT,42,2025-04-19
41756,JIWANI,Balochistan,JIWANI,33,2025-04-19
41724,SUKKUR,Sindh,SUKKUR,45,2025-04-19
41780,KARACHI,Sindh,KARACHI,34,2025-04-19
41535,Abbotabad,KPK,Abbotabad,31,2025-04-19
41506,CHITRAL,KPK,CHITRAL,22,2025-04-19
41757,GWADAR,Balochistan,GWADAR,37,2025-04-19
41571,RAWALPINDI,Punjab,RAWALPINDI,36,2025-04-19
41696,KALAT,Balochistan,KALAT,29,2025-04-19
41516,GILGIT,GB,GILGIT,18,2025-04-19
43544,Baramulla,Kashmir,Baramulla,23,2025-04-19
43536,Srinagar,Kashmir,Srinagar,23,2025-04-19
41517,SKARDU,GB,SKARDU,17,2025-04-19
41786,MITHI,Sindh,MITHI,45,2025-04-18
43535,Leh,Kashmir,Leh,18,2025-04-18
41749,NAWABSHAH,Sindh,NAWABSHAH,49,2025-04-18
41593,SARGODHA,Punjab,SARGODHA,39,2025-04-18
43543,Shopian,Kashmir,Shopian,23,2025-04-18
41660,QUETTA,Balochistan,QUETTA,35,2025-04-18
43532,MUZAFFARABAD,Kashmir,MUZAFFARABAD,34,2025-04-18
41634,CHAKWAL,Punjab,CHAKWAL,36,2025-04-18
43533,GARHI DOPATTA,Kashmir,GARHI DOPATTA,34,2025-04-18
41743,DADU,Sindh,DADU,47,2025-04-18
41525,MALAM JABBA,KPK,MALAM JABBA,21,2025-04-18
41574,RAWALAKOT,Kashmir,RAWALAKOT,25,2025-04-18
41577,ISLAMABAD,Islamabad,ISLAMABAD,35,2025-04-18
41505,HUNZA,GB,HUNZA,24,2025-04-18
41598,JHELUM,Punjab,JHELUM,38,2025-04-18
43534,Jammu,Kashmir,Jammu,35,2025-04-18
41535,Abbotabad,KPK,Abbotabad,30,2025-04-18
41680,SAHIWAL,Punjab,SAHIWAL,39,2025-04-18
41506,CHITRAL,KPK,CHITRAL,30,2025-04-18
41738,TURBAT,Balochistan,TURBAT,44,2025-04-18
41757,GWADAR,Balochistan,GWADAR,37,2025-04-18
41764,HYDERABAD,Sindh,HYDERABAD,44,2025-04-18
43536,Srinagar,Kashmir,Srinagar,22,2025-04-18
41652,D G KHAN,Punjab,D G KHAN,38,2025-04-18
41562,BANNU,KPK,BANNU,37,2025-04-18
41640,LAHORE,Punjab,LAHORE,39,2025-04-18
41630,FAISALABAD,Punjab,FAISALABAD,39,2025-04-18
41516,GILGIT,GB,GILGIT,32,2025-04-18
41724,SUKKUR,Sindh,SUKKUR,43,2025-04-18
41508,DIR,KPK,DIR,31,2025-04-18
41710,NOKKUNDI,Balochistan,NOKKUNDI,42,2025-04-18
41567,Attock,Punjab,Attock,37,2025-04-18
41780,KARACHI,Sindh,KARACHI,38,2025-04-18
43542,Anantnag,Kashmir,Anantnag,22,2025-04-18
41571,RAWALPINDI,Punjab,RAWALPINDI,35,2025-04-18
43544,Baramulla,Kashmir,Baramulla,21,2025-04-18
41696,KALAT,Balochistan,KALAT,31,2025-04-18
41756,JIWANI,Balochistan,JIWANI,35,2025-04-18
41530,PESHAWAR AIRPORT,KPK,PESHAWAR AIRPORT,36,2025-04-18
43541,Pulwama,Kashmir,Pulwama,21,2025-04-18
41520,ASTORE,GB,ASTORE,22,2025-04-18
41675,MULTAN,Punjab,MULTAN,38,2025-04-18
41517,SKARDU,GB,SKARDU,24,2025-04-18
41624,D-I-KHAN,KPK,D-I-KHAN,39,2025-04-18
41783,THATTA,Sindh,THATTA,39,2025-04-18
41697,SIBBI,Balochistan,SIBBI,47,2025-04-18
41747,MOHENJO-DARO,Sindh,MOHENJO-DARO,47,2025-04-18
41523,SAIDU SHARIF,KPK,SAIDU SHARIF,33,2025-04-18
41700,BAHAWALPUR,Punjab,BAHAWALPUR,41,2025-04-18
41573,MURREE,Punjab,MURREE,24,2025-04-18
41574,RAWALAKOT,Kashmir,RAWALAKOT,26,2025-04-17
41724,SUKKUR,Sindh,SUKKUR,45,2025-04-17
43536,Srinagar,Kashmir,Srinagar,26,2025-04-17
41743,DADU,Sindh,DADU,46,2025-04-17
41756,JIWANI,Balochistan,JIWANI,35,2025-04-17
41700,BAHAWALPUR,Punjab,BAHAWALPUR,46,2025-04-17
41738,TURBAT,Balochistan,TURBAT,44,2025-04-17
41506,CHITRAL,KPK,CHITRAL,27,2025-04-17
41660,QUETTA,Balochistan,QUETTA,35,2025-04-17
41757,GWADAR,Balochistan,GWADAR,35,2025-04-17
41517,SKARDU,GB,SKARDU,25,2025-04-17
41749,NAWABSHAH,Sindh,NAWABSHAH,47,2025-04-17
41571,RAWALPINDI,Punjab,RAWALPINDI,35,2025-04-17
41530,PESHAWAR AIRPORT,KPK,PESHAWAR AIRPORT,35,2025-04-17
41652,D G KHAN,Punjab,D G KHAN,44,2025-04-17
41764,HYDERABAD,Sindh,HYDERABAD,44,2025-04-17
41710,NOKKUNDI,Balochistan,NOKKUNDI,43,2025-04-17
41680,SAHIWAL,Punjab,SAHIWAL,43,2025-04-17
41783,THATTA,Sindh,THATTA,37,2025-04-17
41624,D-I-KHAN,KPK,D-I-KHAN,41,2025-04-17
43541,Pulwama,Kashmir,Pulwama,23,2025-04-17
41567,Attock,Punjab,Attock,38,2025-04-17
41525,MALAM JABBA,KPK,MALAM JABBA,20,2025-04-17
41520,ASTORE,GB,ASTORE,23,2025-04-17
41640,LAHORE,Punjab,LAHORE,40,2025-04-17
41696,KALAT,Balochistan,KALAT,31,2025-04-17
41516,GILGIT,GB,GILGIT,28,2025-04-17
41508,DIR,KPK,DIR,29,2025-04-17
41505,HUNZA,GB,HUNZA,25,2025-04-17
41747,MOHENJO-DARO,Sindh,MOHENJO-DARO,46,2025-04-17
41523,SAIDU SHARIF,KPK,SAIDU SHARIF,31,2025-04-17
41598,JHELUM,Punjab,JHELUM,39,2025-04-17
41675,MULTAN,Punjab,MULTAN,43,2025-04-17
41577,ISLAMABAD,Islamabad,ISLAMABAD,35,2025-04-17
41697,SIBBI,Balochistan,SIBBI,47,2025-04-17
41573,MURREE,Punjab,MURREE,24,2025-04-17
41780,KARACHI,Sindh,KARACHI,35,2025-04-17
41634,CHAKWAL,Punjab,CHAKWAL,38,2025-04-17
43532,MUZAFFARABAD,Kashmir,MUZAFFARABAD,36,2025-04-17
41786,MITHI,Sindh,MITHI,45,2025-04-17
41630,FAISALABAD,Punjab,FAISALABAD,41,2025-04-17
43533,GARHI DOPATTA,Kashmir,GARHI DOPATTA,34,2025-04-17
43534,Jammu,Kashmir,Jammu,37,2025-04-17
41535,Abbotabad,KPK,Abbotabad,30,2025-04-17
43535,Leh,Kashmir,Leh,18,2025-04-17
41593,SARGODHA,Punjab,SARGODHA,40,2025-04-17
41562,BANNU,KPK,BANNU,38,2025-04-17
41780,KARACHI,Sindh,KARACHI,37,2025-04-16
41562,BANNU,KPK,BANNU,40,2025-04-16
43534,Jammu,Kashmir,Jammu,36,2025-04-16
41630,FAISALABAD,Punjab,FAISALABAD,41,2025-04-16
41710,NOKKUNDI,Balochistan,NOKKUNDI,43,2025-04-16
43536,Srinagar,Kashmir,Srinagar,30,2025-04-16
41634,CHAKWAL,Punjab,CHAKWAL,37,2025-04-16
41764,HYDERABAD,Sindh,HYDERABAD,45,2025-04-16
43541,Pulwama,Kashmir,Pulwama,29,2025-04-16
41505,HUNZA,GB,HUNZA,28,2025-04-16
41598,JHELUM,Punjab,JHELUM,38,2025-04-16
41757,GWADAR,Balochistan,GWADAR,34,2025-04-16
41535,Abbotabad,KPK,Abbotabad,31,2025-04-16
41652,D G KHAN,Punjab,D G KHAN,42,2025-04-16
41506,CHITRAL,KPK,CHITRAL,32,2025-04-16
41525,MALAM JABBA,KPK,MALAM JABBA,24,2025-04-16
41675,MULTAN,Punjab,MULTAN,42,2025-04-16
41749,NAWABSHAH,Sindh,NAWABSHAH,47,2025-04-16
41696,KALAT,Balochistan,KALAT,31,2025-04-16
43535,Leh,Kashmir,Leh,18,2025-04-16
41573,MURREE,Punjab,MURREE,23,2025-04-16
41747,MOHENJO-DARO,Sindh,MOHENJO-DARO,45,2025-04-16
41530,PESHAWAR AIRPORT,KPK,PESHAWAR AIRPORT,40,2025-04-16
43532,MUZAFFARABAD,Kashmir,MUZAFFARABAD,38,2025-04-16
41697,SIBBI,Balochistan,SIBBI,47,2025-04-16
41571,RAWALPINDI,Punjab,RAWALPINDI,34,2025-04-16
41523,SAIDU SHARIF,KPK,SAIDU SHARIF,35,2025-04-16
41660,QUETTA,Balochistan,QUETTA,36,2025-04-16
41593,SARGODHA,Punjab,SARGODHA,41,2025-04-16
41743,DADU,Sindh,DADU,46,2025-04-16
41700,BAHAWALPUR,Punjab,BAHAWALPUR,43,2025-04-16
41508,DIR,KPK,DIR,33,2025-04-16
41756,JIWANI,Balochistan,JIWANI,33,2025-04-16
41577,ISLAMABAD,Islamabad,ISLAMABAD,36,2025-04-16
43533,GARHI DOPATTA,Kashmir,GARHI DOPATTA,37,2025-04-16
41786,MITHI,Sindh,MITHI,45,2025-04-16
41783,THATTA,Sindh,THATTA,37,2025-04-16
41520,ASTORE,GB,ASTORE,25,2025-04-16
41574,RAWALAKOT,Kashmir,RAWALAKOT,27,2025-04-16
41516,GILGIT,GB,GILGIT,34,2025-04-16
41640,LAHORE,Punjab,LAHORE,38,2025-04-16
41624,D-I-KHAN,KPK,D-I-KHAN,42,2025-04-16
41738,TURBAT,Balochistan,TURBAT,43,2025-04-16
41517,SKARDU,GB,SKARDU,25,2025-04-16
41680,SAHIWAL,Punjab,SAHIWAL,42,2025-04-16
41724,SUKKUR,Sindh,SUKKUR,44,2025-04-16
41567,Attock,Punjab,Attock,40,2025-04-16
41700,BAHAWALPUR,Punjab,BAHAWALPUR,42,2025-04-15
41697,SIBBI,Balochistan,SIBBI,46,2025-04-15
41516,GILGIT,GB,GILGIT,33,2025-04-15
41738,TURBAT,Balochistan,TURBAT,41,2025-04-15
41724,SUKKUR,Sindh,SUKKUR,44,2025-04-15
43543,Shopian,Kashmir,Shopian,28,2025-04-15
41624,D-I-KHAN,KPK,D-I-KHAN,42,2025-04-15
41535,Abbotabad,KPK,Abbotabad,31,2025-04-15
41508,DIR,KPK,DIR,32,2025-04-15
41749,NAWABSHAH,Sindh,NAWABSHAH,46,2025-04-15
41783,THATTA,Sindh,THATTA,37,2025-04-15
41710,NOKKUNDI,Balochistan,NOKKUNDI,43,2025-04-15
41517,SKARDU,GB,SKARDU,25,2025-04-15
41598,JHELUM,Punjab,JHELUM,38,2025-04-15
43534,Jammu,Kashmir,Jammu,36,2025-04-15
41640,LAHORE,Punjab,LAHORE,38,2025-04-15
41756,JIWANI,Balochistan,JIWANI,32,2025-04-15
41780,KARACHI,Sindh,KARACHI,36,2025-04-15
41506,CHITRAL,KPK,CHITRAL,32,2025-04-15
41571,RAWALPINDI,Punjab,RAWALPINDI,35,2025-04-15
41696,KALAT,Balochistan,KALAT,30,2025-04-15
41520,ASTORE,GB,ASTORE,25,2025-04-15
43544,Baramulla,Kashmir,Baramulla,27,2025-04-15
41757,GWADAR,Balochistan,GWADAR,33,2025-04-15
43533,GARHI DOPATTA,Kashmir,GARHI DOPATTA,36,2025-04-15
41567,Attock,Punjab,Attock,40,2025-04-15
41652,D G KHAN,Punjab,D G KHAN,40,2025-04-15
41743,DADU,Sindh,DADU,45,2025-04-15
41680,SAHIWAL,Punjab,SAHIWAL,40,2025-04-15
43541,Pulwama,Kashmir,Pulwama,27,2025-04-15
41573,MURREE,Punjab,MURREE,24,2025-04-15
43535,Leh,Kashmir,Leh,18,2025-04-15
41523,SAIDU SHARIF,KPK,SAIDU SHARIF,34,2025-04-15
41562,BANNU,KPK,BANNU,38,2025-04-15
41505,HUNZA,GB,HUNZA,28,2025-04-15
43532,MUZAFFARABAD,Kashmir,MUZAFFARABAD,37,2025-04-15
43542,Anantnag,Kashmir,Anantnag,28,2025-04-15
41660,QUETTA,Balochistan,QUETTA,34,2025-04-15
41530,PESHAWAR AIRPORT,KPK,PESHAWAR AIRPORT,38,2025-04-15
41577,ISLAMABAD,Islamabad,ISLAMABAD,35,2025-04-15
41525,MALAM JABBA,KPK,MALAM JABBA,23,2025-04-15
41574,RAWALAKOT,Kashmir,RAWALAKOT,27,2025-04-15
41747,MOHENJO-DARO,Sindh,MOHENJO-DARO,45,2025-04-15
41675,MULTAN,Punjab,MULTAN,40,2025-04-15
41764,HYDERABAD,Sindh,HYDERABAD,45,2025-04-15
41593,SARGODHA,Punjab,SARGODHA,40,2025-04-15
41630,FAISALABAD,Punjab,FAISALABAD,39,2025-04-15
43536,Srinagar,Kashmir,Srinagar,29,2025-04-15
41786,MITHI,Sindh,MITHI,44,2025-04-15
41634,CHAKWAL,Punjab,CHAKWAL,37,2025-04-15
41506,CHITRAL,KPK,CHITRAL,32,2025-04-14
41624,D-I-KHAN,KPK,D-I-KHAN,38,2025-04-14
41675,MULTAN,Punjab,MULTAN,39,2025-04-14
43534,Jammu,Kashmir,Jammu,34,2025-04-14
41577,ISLAMABAD,Islamabad,ISLAMABAD,35,2025-04-14
41764,HYDERABAD,Sindh,HYDERABAD,43,2025-04-14
41700,BAHAWALPUR,Punjab,BAHAWALPUR,40,2025-04-14
41680,SAHIWAL,Punjab,SAHIWAL,38,2025-04-14
41525,MALAM JABBA,KPK,MALAM JABBA,21,2025-04-14
41749,NAWABSHAH,Sindh,NAWABSHAH,45,2025-04-14
41738,TURBAT,Balochistan,TURBAT,41,2025-04-14
41593,SARGODHA,Punjab,SARGODHA,39,2025-04-14
43541,Pulwama,Kashmir,Pulwama,16,2025-04-14
43542,Anantnag,Kashmir,Anantnag,16,2025-04-14
41535,Abbotabad,KPK,Abbotabad,29,2025-04-14
41574,RAWALAKOT,Kashmir,RAWALAKOT,24,2025-04-14
41640,LAHORE,Punjab,LAHORE,36,2025-04-14
41520,ASTORE,GB,ASTORE,23,2025-04-14
41530,PESHAWAR AIRPORT,KPK,PESHAWAR AIRPORT,36,2025-04-14
41562,BANNU,KPK,BANNU,36,2025-04-14
43533,GARHI DOPATTA,Kashmir,GARHI DOPATTA,34,2025-04-14
41598,JHELUM,Punjab,JHELUM,36,2025-04-14
43535,Leh,Kashmir,Leh,17,2025-04-14
43543,Shopian,Kashmir,Shopian,15,2025-04-14
41743,DADU,Sindh,DADU,46,2025-04-14
41508,DIR,KPK,DIR,29,2025-04-14
41660,QUETTA,Balochistan,QUETTA,35,2025-04-14
41571,RAWALPINDI,Punjab,RAWALPINDI,33,2025-04-14
41630,FAISALABAD,Punjab,FAISALABAD,37,2025-04-14
41780,KARACHI,Sindh,KARACHI,36,2025-04-14
41697,SIBBI,Balochistan,SIBBI,43,2025-04-14
41516,GILGIT,GB,GILGIT,31,2025-04-14
41710,NOKKUNDI,Balochistan,NOKKUNDI,42,2025-04-14
41634,CHAKWAL,Punjab,CHAKWAL,35,2025-04-14
43536,Srinagar,Kashmir,Srinagar,27,2025-04-14
41523,SAIDU SHARIF,KPK,SAIDU SHARIF,32,2025-04-14
41652,D G KHAN,Punjab,D G KHAN,38,2025-04-14
41724,SUKKUR,Sindh,SUKKUR,44,2025-04-14
41505,HUNZA,GB,HUNZA,14,2025-04-14
41783,THATTA,Sindh,THATTA,38,2025-04-14
41786,MITHI,Sindh,MITHI,43,2025-04-14
41696,KALAT,Balochistan,KALAT,29,2025-04-14
41567,Attock,Punjab,Attock,37,2025-04-14
43532,MUZAFFARABAD,Kashmir,MUZAFFARABAD,36,2025-04-14
41573,MURREE,Punjab,MURREE,23,2025-04-14
41757,GWADAR,Balochistan,GWADAR,35,2025-04-14
41747,MOHENJO-DARO,Sindh,MOHENJO-DARO,44,2025-04-14
43544,Baramulla,Kashmir,Baramulla,15,2025-04-14
41756,JIWANI,Balochistan,JIWANI,32,2025-04-14
41517,SKARDU,GB,SKARDU,23,2025-04-14
41506,CHITRAL,KPK,CHITRAL,32,2025-04-13
41573,MURREE,Punjab,MURREE,23,2025-04-13
41530,PESHAWAR AIRPORT,KPK,PESHAWAR AIRPORT,36,2025-04-13
41577,ISLAMABAD,Islamabad,ISLAMABAD,35,2025-04-13
41697,SIBBI,Balochistan,SIBBI,43,2025-04-13
41710,NOKKUNDI,Balochistan,NOKKUNDI,42,2025-04-13
41780,KARACHI,Sindh,KARACHI,36,2025-04-13
41700,BAHAWALPUR,Punjab,BAHAWALPUR,40,2025-04-13
41520,ASTORE,GB,ASTORE,23,2025-04-13
41517,SKARDU,GB,SKARDU,23,2025-04-13
41598,JHELUM,Punjab,JHELUM,36,2025-04-13
41786,MITHI,Sindh,MITHI,43,2025-04-13
41523,SAIDU SHARIF,KPK,SAIDU SHARIF,32,2025-04-13
41535,Abbotabad,KPK,Abbotabad,29,2025-04-13
41593,SARGODHA,Punjab,SARGODHA,39,2025-04-13
41640,LAHORE,Punjab,LAHORE,36,2025-04-13
41525,MALAM JABBA,KPK,MALAM JABBA,21,2025-04-13
41747,MOHENJO-DARO,Sindh,MOHENJO-DARO,44,2025-04-13
41764,HYDERABAD,Sindh,HYDERABAD,43,2025-04-13
41757,GWADAR,Balochistan,GWADAR,35,2025-04-13
41652,D G KHAN,Punjab,D G KHAN,38,2025-04-13
43532,MUZAFFARABAD,Kashmir,MUZAFFARABAD,36,2025-04-13
41680,SAHIWAL,Punjab,SAHIWAL,38,2025-04-13
41571,RAWALPINDI,Punjab,RAWALPINDI,33,2025-04-13
43533,GARHI DOPATTA,Kashmir,GARHI DOPATTA,34,2025-04-13
41574,RAWALAKOT,Kashmir,RAWALAKOT,24,2025-04-13
41756,JIWANI,Balochistan,JIWANI,32,2025-04-13
41749,NAWABSHAH,Sindh,NAWABSHAH,45,2025-04-13
41660,QUETTA,Balochistan,QUETTA,35,2025-04-13
41562,BANNU,KPK,BANNU,36,2025-04-13
41724,SUKKUR,Sindh,SUKKUR,44,2025-04-13
41738,TURBAT,Balochistan,TURBAT,41,2025-04-13
41696,KALAT,Balochistan,KALAT,29,2025-04-13
41634,CHAKWAL,Punjab,CHAKWAL,35,2025-04-13
41567,Attock,Punjab,Attock,37,2025-04-13
41508,DIR,KPK,DIR,29,2025-04-13
41505,HUNZA,GB,HUNZA,14,2025-04-13
41743,DADU,Sindh,DADU,46,2025-04-13
41624,D-I-KHAN,KPK,D-I-KHAN,38,2025-04-13
41783,THATTA,Sindh,THATTA,38,2025-04-13
41516,GILGIT,GB,GILGIT,31,2025-04-13
41630,FAISALABAD,Punjab,FAISALABAD,37,2025-04-13
41675,MULTAN,Punjab,MULTAN,39,2025-04-13
41783,THATTA,Sindh,THATTA,38,2025-04-12
41525,MALAM JABBA,KPK,MALAM JABBA,14,2025-04-12
41630,FAISALABAD,Punjab,FAISALABAD,32,2025-04-12
43534,Jammu,Kashmir,Jammu,30,2025-04-12
41710,NOKKUNDI,Balochistan,NOKKUNDI,40,2025-04-12
41786,MITHI,Sindh,MITHI,41,2025-04-12
41523,SAIDU SHARIF,KPK,SAIDU SHARIF,30,2025-04-12
41517,SKARDU,GB,SKARDU,21,2025-04-12
41680,SAHIWAL,Punjab,SAHIWAL,34,2025-04-12
41697,SIBBI,Balochistan,SIBBI,43,2025-04-12
41724,SUKKUR,Sindh,SUKKUR,41,2025-04-12
41535,Abbotabad,KPK,Abbotabad,27,2025-04-12
41505,HUNZA,GB,HUNZA,24,2025-04-12
41738,TURBAT,Balochistan,TURBAT,42,2025-04-12
41749,NAWABSHAH,Sindh,NAWABSHAH,44,2025-04-12
41756,JIWANI,Balochistan,JIWANI,35,2025-04-12
41520,ASTORE,GB,ASTORE,19,2025-04-12
41577,ISLAMABAD,Islamabad,ISLAMABAD,29,2025-04-12
41624,D-I-KHAN,KPK,D-I-KHAN,36,2025-04-12
41747,MOHENJO-DARO,Sindh,MOHENJO-DARO,44,2025-04-12
41530,PESHAWAR AIRPORT,KPK,PESHAWAR AIRPORT,35,2025-04-12
41764,HYDERABAD,Sindh,HYDERABAD,41,2025-04-12
41593,SARGODHA,Punjab,SARGODHA,29,2025-04-12
41571,RAWALPINDI,Punjab,RAWALPINDI,31,2025-04-12
41780,KARACHI,Sindh,KARACHI,35,2025-04-12
41516,GILGIT,GB,GILGIT,27,2025-04-12
41652,D G KHAN,Punjab,D G KHAN,37,2025-04-12
43544,Baramulla,Kashmir,Baramulla,16,2025-04-12
41573,MURREE,Punjab,MURREE,20,2025-04-12
41508,DIR,KPK,DIR,28,2025-04-12
41660,QUETTA,Balochistan,QUETTA,31,2025-04-12
41640,LAHORE,Punjab,LAHORE,31,2025-04-12
41696,KALAT,Balochistan,KALAT,26,2025-04-12
41675,MULTAN,Punjab,MULTAN,37,2025-04-12
43541,Pulwama,Kashmir,Pulwama,17,2025-04-12
41574,RAWALAKOT,Kashmir,RAWALAKOT,17,2025-04-12
41562,BANNU,KPK,BANNU,34,2025-04-12
41700,BAHAWALPUR,Punjab,BAHAWALPUR,38,2025-04-12
41598,JHELUM,Punjab,JHELUM,30,2025-04-12
43543,Shopian,Kashmir,Shopian,17,2025-04-12
43532,MUZAFFARABAD,Kashmir,MUZAFFARABAD,30,2025-04-12
41743,DADU,Sindh,DADU,43,2025-04-12
41506,CHITRAL,KPK,CHITRAL,29,2025-04-12
43542,Anantnag,Kashmir,Anantnag,16,2025-04-12
43535,Leh,Kashmir,Leh,13,2025-04-12
43533,GARHI DOPATTA,Kashmir,GARHI DOPATTA,27,2025-04-12
41634,CHAKWAL,Punjab,CHAKWAL,29,2025-04-12
41567,Attock,Punjab,Attock,34,2025-04-12
43536,Srinagar,Kashmir,Srinagar,16,2025-04-12
41757,GWADAR,Balochistan,GWADAR,35,2025-04-12
41780,KARACHI,Sindh,KARACHI,35,2025-04-11
41724,SUKKUR,Sindh,SUKKUR,44,2025-04-11
43534,Jammu,Kashmir,Jammu,36,2025-04-11
41675,MULTAN,Punjab,MULTAN,40,2025-04-11
41506,CHITRAL,KPK,CHITRAL,28,2025-04-11
41640,LAHORE,Punjab,LAHORE,38,2025-04-11
41517,SKARDU,GB,SKARDU,20,2025-04-11
41700,BAHAWALPUR,Punjab,BAHAWALPUR,43,2025-04-11
41786,MITHI,Sindh,MITHI,43,2025-04-11
41508,DIR,KPK,DIR,26,2025-04-11
41525,MALAM JABBA,KPK,MALAM JABBA,18,2025-04-11
41747,MOHENJO-DARO,Sindh,MOHENJO-DARO,44,2025-04-11
41783,THATTA,Sindh,THATTA,37,2025-04-11
41757,GWADAR,Balochistan,GWADAR,34,2025-04-11
41573,MURREE,Punjab,MURREE,23,2025-04-11
41574,RAWALAKOT,Kashmir,RAWALAKOT,25,2025-04-11
41520,ASTORE,GB,ASTORE,13,2025-04-11
43533,GARHI DOPATTA,Kashmir,GARHI DOPATTA,31,2025-04-11
41634,CHAKWAL,Punjab,CHAKWAL,35,2025-04-11
41577,ISLAMABAD,Islamabad,ISLAMABAD,35,2025-04-11
43535,Leh,Kashmir,Leh,14,2025-04-11
41630,FAISALABAD,Punjab,FAISALABAD,39,2025-04-11
41696,KALAT,Balochistan,KALAT,25,2025-04-11
43542,Anantnag,Kashmir,Anantnag,20,2025-04-11
41697,SIBBI,Balochistan,SIBBI,44,2025-04-11
43544,Baramulla,Kashmir,Baramulla,20,2025-04-11
41562,BANNU,KPK,BANNU,35,2025-04-11
41652,D G KHAN,Punjab,D G KHAN,41,2025-04-11
41598,JHELUM,Punjab,JHELUM,38,2025-04-11
43541,Pulwama,Kashmir,Pulwama,19,2025-04-11
41571,RAWALPINDI,Punjab,RAWALPINDI,34,2025-04-11
41593,SARGODHA,Punjab,SARGODHA,39,2025-04-11
43532,MUZAFFARABAD,Kashmir,MUZAFFARABAD,32,2025-04-11
41738,TURBAT,Balochistan,TURBAT,41,2025-04-11
41710,NOKKUNDI,Balochistan,NOKKUNDI,38,2025-04-11
43536,Srinagar,Kashmir,Srinagar,19,2025-04-11
41535,Abbotabad,KPK,Abbotabad,28,2025-04-11
41624,D-I-KHAN,KPK,D-I-KHAN,40,2025-04-11
41749,NAWABSHAH,Sindh,NAWABSHAH,45,2025-04-11
41505,HUNZA,GB,HUNZA,16,2025-04-11
41756,JIWANI,Balochistan,JIWANI,32,2025-04-11
43543,Shopian,Kashmir,Shopian,19,2025-04-11
41764,HYDERABAD,Sindh,HYDERABAD,41,2025-04-11
41680,SAHIWAL,Punjab,SAHIWAL,41,2025-04-11
41523,SAIDU SHARIF,KPK,SAIDU SHARIF,29,2025-04-11
41743,DADU,Sindh,DADU,45,2025-04-11
41660,QUETTA,Balochistan,QUETTA,30,2025-04-11
41530,PESHAWAR AIRPORT,KPK,PESHAWAR AIRPORT,35,2025-04-11
41567,Attock,Punjab,Attock,36,2025-04-11
41516,GILGIT,GB,GILGIT,21,2025-04-11
41634,CHAKWAL,Punjab,CHAKWAL,35,2025-04-10
41747,MOHENJO-DARO,Sindh,MOHENJO-DARO,43,2025-04-10
41749,NAWABSHAH,Sindh,NAWABSHAH,44,2025-04-10
41700,BAHAWALPUR,Punjab,BAHAWALPUR,44,2025-04-10
41525,MALAM JABBA,KPK,MALAM JABBA,19,2025-04-10
43532,MUZAFFARABAD,Kashmir,MUZAFFARABAD,28,2025-04-10
41517,SKARDU,GB,SKARDU,21,2025-04-10
41508,DIR,KPK,DIR,25,2025-04-10
41660,QUETTA,Balochistan,QUETTA,30,2025-04-10
43543,Shopian,Kashmir,Shopian,21,2025-04-10
41756,JIWANI,Balochistan,JIWANI,35,2025-04-10
41696,KALAT,Balochistan,KALAT,26,2025-04-10
43544,Baramulla,Kashmir,Baramulla,19,2025-04-10
41738,TURBAT,Balochistan,TURBAT,40,2025-04-10
41567,Attock,Punjab,Attock,36,2025-04-10
43536,Srinagar,Kashmir,Srinagar,19,2025-04-10
41562,BANNU,KPK,BANNU,36,2025-04-10
41505,HUNZA,GB,HUNZA,41,2025-04-10
41520,ASTORE,GB,ASTORE,19,2025-04-10
41764,HYDERABAD,Sindh,HYDERABAD,40,2025-04-10
41780,KARACHI,Sindh,KARACHI,36,2025-04-10
41516,GILGIT,GB,GILGIT,24,2025-04-10
41675,MULTAN,Punjab,MULTAN,41,2025-04-10
41757,GWADAR,Balochistan,GWADAR,34,2025-04-10
41573,MURREE,Punjab,MURREE,23,2025-04-10
41640,LAHORE,Punjab,LAHORE,40,2025-04-10
41652,D G KHAN,Punjab,D G KHAN,40,2025-04-10
43533,GARHI DOPATTA,Kashmir,GARHI DOPATTA,27,2025-04-10
41571,RAWALPINDI,Punjab,RAWALPINDI,34,2025-04-10
43534,Jammu,Kashmir,Jammu,37,2025-04-10
41743,DADU,Sindh,DADU,41,2025-04-10
43542,Anantnag,Kashmir,Anantnag,21,2025-04-10
41710,NOKKUNDI,Balochistan,NOKKUNDI,40,2025-04-10
41574,RAWALAKOT,Kashmir,RAWALAKOT,23,2025-04-10
41783,THATTA,Sindh,THATTA,38,2025-04-10
41680,SAHIWAL,Punjab,SAHIWAL,41,2025-04-10
41724,SUKKUR,Sindh,SUKKUR,44,2025-04-10
41697,SIBBI,Balochistan,SIBBI,43,2025-04-10
41786,MITHI,Sindh,MITHI,44,2025-04-10
41506,CHITRAL,KPK,CHITRAL,29,2025-04-10
41523,SAIDU SHARIF,KPK,SAIDU SHARIF,28,2025-04-10
43535,Leh,Kashmir,Leh,14,2025-04-10
41593,SARGODHA,Punjab,SARGODHA,39,2025-04-10
41630,FAISALABAD,Punjab,FAISALABAD,40,2025-04-10
41624,D-I-KHAN,KPK,D-I-KHAN,38,2025-04-10
43541,Pulwama,Kashmir,Pulwama,20,2025-04-10
41598,JHELUM,Punjab,JHELUM,38,2025-04-10
41530,PESHAWAR AIRPORT,KPK,PESHAWAR AIRPORT,35,2025-04-10
41577,ISLAMABAD,Islamabad,ISLAMABAD,35,2025-04-10
41535,Abbotabad,KPK,Abbotabad,26,2025-04-10
41675,MULTAN,Punjab,MULTAN,41,2025-04-09
41680,SAHIWAL,Punjab,SAHIWAL,41,2025-04-09
41516,GILGIT,GB,GILGIT,27,2025-04-09
41525,MALAM JABBA,KPK,MALAM JABBA,21,2025-04-09
41743,DADU,Sindh,DADU,47,2025-04-09
43544,Baramulla,Kashmir,Baramulla,26,2025-04-09
41697,SIBBI,Balochistan,SIBBI,46,2025-04-09
43534,Jammu,Kashmir,Jammu,37,2025-04-09
41710,NOKKUNDI,Balochistan,NOKKUNDI,41,2025-04-09
41630,FAISALABAD,Punjab,FAISALABAD,40,2025-04-09
41756,JIWANI,Balochistan,JIWANI,34,2025-04-09
43536,Srinagar,Kashmir,Srinagar,24,2025-04-09
41577,ISLAMABAD,Islamabad,ISLAMABAD,34,2025-04-09
41764,HYDERABAD,Sindh,HYDERABAD,41,2025-04-09
41757,GWADAR,Balochistan,GWADAR,35,2025-04-09
41749,NAWABSHAH,Sindh,NAWABSHAH,45,2025-04-09
41567,Attock,Punjab,Attock,39,2025-04-09
43533,GARHI DOPATTA,Kashmir,GARHI DOPATTA,31,2025-04-09
41724,SUKKUR,Sindh,SUKKUR,44,2025-04-09
41508,DIR,KPK,DIR,28,2025-04-09
41535,Abbotabad,KPK,Abbotabad,30,2025-04-09
41520,ASTORE,GB,ASTORE,19,2025-04-09
41780,KARACHI,Sindh,KARACHI,34,2025-04-09
41624,D-I-KHAN,KPK,D-I-KHAN,40,2025-04-09
41700,BAHAWALPUR,Punjab,BAHAWALPUR,44,2025-04-09
41738,TURBAT,Balochistan,TURBAT,42,2025-04-09
41786,MITHI,Sindh,MITHI,45,2025-04-09
41652,D G KHAN,Punjab,D G KHAN,41,2025-04-09
43542,Anantnag,Kashmir,Anantnag,25,2025-04-09
41523,SAIDU SHARIF,KPK,SAIDU SHARIF,33,2025-04-09
41530,PESHAWAR AIRPORT,KPK,PESHAWAR AIRPORT,36,2025-04-09
41634,CHAKWAL,Punjab,CHAKWAL,37,2025-04-09
41517,SKARDU,GB,SKARDU,22,2025-04-09
41783,THATTA,Sindh,THATTA,40,2025-04-09
41506,CHITRAL,KPK,CHITRAL,30,2025-04-09
41747,MOHENJO-DARO,Sindh,MOHENJO-DARO,45,2025-04-09
41571,RAWALPINDI,Punjab,RAWALPINDI,34,2025-04-09
43532,MUZAFFARABAD,Kashmir,MUZAFFARABAD,32,2025-04-09
41573,MURREE,Punjab,MURREE,24,2025-04-09
41505,HUNZA,GB,HUNZA,19,2025-04-09
41598,JHELUM,Punjab,JHELUM,38,2025-04-09
41696,KALAT,Balochistan,KALAT,29,2025-04-09
41574,RAWALAKOT,Kashmir,RAWALAKOT,26,2025-04-09
43535,Leh,Kashmir,Leh,16,2025-04-09
41593,SARGODHA,Punjab,SARGODHA,40,2025-04-09
41640,LAHORE,Punjab,LAHORE,39,2025-04-09
41562,BANNU,KPK,BANNU,37,2025-04-09
43541,Pulwama,Kashmir,Pulwama,23,2025-04-09
43543,Shopian,Kashmir,Shopian,24,2025-04-09
41660,QUETTA,Balochistan,QUETTA,34,2025-04-09
41743,DADU,Sindh,DADU,47,2025-04-08
41517,SKARDU,GB,SKARDU,23,2025-04-08
41652,D G KHAN,Punjab,D G KHAN,42,2025-04-08
41577,ISLAMABAD,Islamabad,ISLAMABAD,36,2025-04-08
41697,SIBBI,Balochistan,SIBBI,47,2025-04-08
43534,Jammu,Kashmir,Jammu,36,2025-04-08
41738,TURBAT,Balochistan,TURBAT,44,2025-04-08
41786,MITHI,Sindh,MITHI,45,2025-04-08
41506,CHITRAL,KPK,CHITRAL,31,2025-04-08
41624,D-I-KHAN,KPK,D-I-KHAN,40,2025-04-08
43541,Pulwama,Kashmir,Pulwama,26,2025-04-08
41530,PESHAWAR AIRPORT,KPK,PESHAWAR AIRPORT,38,2025-04-08
41598,JHELUM,Punjab,JHELUM,38,2025-04-08
41508,DIR,KPK,DIR,32,2025-04-08
43543,Shopian,Kashmir,Shopian,26,2025-04-08
41562,BANNU,KPK,BANNU,37,2025-04-08
41724,SUKKUR,Sindh,SUKKUR,45,2025-04-08
41710,NOKKUNDI,Balochistan,NOKKUNDI,42,2025-04-08
41567,Attock,Punjab,Attock,38,2025-04-08
41630,FAISALABAD,Punjab,FAISALABAD,39,2025-04-08
43535,Leh,Kashmir,Leh,17,2025-04-08
41749,NAWABSHAH,Sindh,NAWABSHAH,47,2025-04-08
41696,KALAT,Balochistan,KALAT,30,2025-04-08
41780,KARACHI,Sindh,KARACHI,36,2025-04-08
41764,HYDERABAD,Sindh,HYDERABAD,44,2025-04-08
41757,GWADAR,Balochistan,GWADAR,36,2025-04-08
43532,MUZAFFARABAD,Kashmir,MUZAFFARABAD,38,2025-04-08
41640,LAHORE,Punjab,LAHORE,39,2025-04-08
43533,GARHI DOPATTA,Kashmir,GARHI DOPATTA,36,2025-04-08
41660,QUETTA,Balochistan,QUETTA,33,2025-04-08
41520,ASTORE,GB,ASTORE,22,2025-04-08
43542,Anantnag,Kashmir,Anantnag,25,2025-04-08
41574,RAWALAKOT,Kashmir,RAWALAKOT,26,2025-04-08
41571,RAWALPINDI,Punjab,RAWALPINDI,35,2025-04-08
41680,SAHIWAL,Punjab,SAHIWAL,40,2025-04-08
41783,THATTA,Sindh,THATTA,38,2025-04-08
41593,SARGODHA,Punjab,SARGODHA,40,2025-04-08
41523,SAIDU SHARIF,KPK,SAIDU SHARIF,33,2025-04-08
41756,JIWANI,Balochistan,JIWANI,33,2025-04-08
41634,CHAKWAL,Punjab,CHAKWAL,38,2025-04-08
43544,Baramulla,Kashmir,Baramulla,27,2025-04-08
41747,MOHENJO-DARO,Sindh,MOHENJO-DARO,47,2025-04-08
41505,HUNZA,GB,HUNZA,26,2025-04-08
41573,MURREE,Punjab,MURREE,26,2025-04-08
41535,Abbotabad,KPK,Abbotabad,32,2025-04-08
41525,MALAM JABBA,KPK,MALAM JABBA,23,2025-04-08
41675,MULTAN,Punjab,MULTAN,41,2025-04-08
43536,Srinagar,Kashmir,Srinagar,28,2025-04-08
41700,BAHAWALPUR,Punjab,BAHAWALPUR,42,2025-04-08
41516,GILGIT,GB,GILGIT,31,2025-04-08
41697,SIBBI,Balochistan,SIBBI,47,2025-04-07
41660,QUETTA,Balochistan,QUETTA,33,2025-04-07
41535,Abbotabad,KPK,Abbotabad,32,2025-04-07
41749,NAWABSHAH,Sindh,NAWABSHAH,47,2025-04-07
41640,LAHORE,Punjab,LAHORE,39,2025-04-07
41710,NOKKUNDI,Balochistan,NOKKUNDI,42,2025-04-07
41700,BAHAWALPUR,Punjab,BAHAWALPUR,42,2025-04-07
41747,MOHENJO-DARO,Sindh,MOHENJO-DARO,47,2025-04-07
43543,Shopian,Kashmir,Shopian,26,2025-04-07
41764,HYDERABAD,Sindh,HYDERABAD,44,2025-04-07
41567,Attock,Punjab,Attock,0,2025-04-07
41525,MALAM JABBA,KPK,MALAM JABBA,23,2025-04-07
41562,BANNU,KPK,BANNU,37,2025-04-07
41523,SAIDU SHARIF,KPK,SAIDU SHARIF,33,2025-04-07
41574,RAWALAKOT,Kashmir,RAWALAKOT,26,2025-04-07
41520,ASTORE,GB,ASTORE,22,2025-04-07
41593,SARGODHA,Punjab,SARGODHA,40,2025-04-07
41783,THATTA,Sindh,THATTA,38,2025-04-07
43532,MUZAFFARABAD,Kashmir,MUZAFFARABAD,38,2025-04-07
41573,MURREE,Punjab,MURREE,26,2025-04-07
43535,Leh,Kashmir,Leh,14,2025-04-07
41530,PESHAWAR AIRPORT,KPK,PESHAWAR AIRPORT,38,2025-04-07
41675,MULTAN,Punjab,MULTAN,41,2025-04-07
43536,Srinagar,Kashmir,Srinagar,26,2025-04-07
41786,MITHI,Sindh,MITHI,45,2025-04-07
41571,RAWALPINDI,Punjab,RAWALPINDI,35,2025-04-07
43544,Baramulla,Kashmir,Baramulla,27,2025-04-07
41652,D G KHAN,Punjab,D G KHAN,42,2025-04-07
41634,CHAKWAL,Punjab,CHAKWAL,38,2025-04-07
41506,CHITRAL,KPK,CHITRAL,31,2025-04-07
43534,Jammu,Kashmir,Jammu,35,2025-04-07
41756,JIWANI,Balochistan,JIWANI,33,2025-04-07
41517,SKARDU,GB,SKARDU,23,2025-04-07
41624,D-I-KHAN,KPK,D-I-KHAN,40,2025-04-07
41598,JHELUM,Punjab,JHELUM,38,2025-04-07
41780,KARACHI,Sindh,KARACHI,36,2025-04-07
41738,TURBAT,Balochistan,TURBAT,44,2025-04-07
41696,KALAT,Balochistan,KALAT,30,2025-04-07
43541,Pulwama,Kashmir,Pulwama,25,2025-04-07
41516,GILGIT,GB,GILGIT,31,2025-04-07
41505,HUNZA,GB,HUNZA,26,2025-04-07
41743,DADU,Sindh,DADU,47,2025-04-07
43542,Anantnag,Kashmir,Anantnag,26,2025-04-07
41630,FAISALABAD,Punjab,FAISALABAD,39,2025-04-07
41680,SAHIWAL,Punjab,SAHIWAL,40,2025-04-07
41724,SUKKUR,Sindh,SUKKUR,45,2025-04-07
43533,GARHI DOPATTA,Kashmir,GARHI DOPATTA,36,2025-04-07
41757,GWADAR,Balochistan,GWADAR,36,2025-04-07
41508,DIR,KPK,DIR,32,2025-04-07
41577,ISLAMABAD,Islamabad,ISLAMABAD,36,2025-04-07
43536,Srinagar,Kashmir,Srinagar,26,2025-04-06
41696,KALAT,Balochistan,KALAT,28,2025-04-06
41574,RAWALAKOT,Kashmir,RAWALAKOT,25,2025-04-06
41517,SKARDU,GB,SKARDU,22,2025-04-06
41756,JIWANI,Balochistan,JIWANI,32,2025-04-06
43535,Leh,Kashmir,Leh,14,2025-04-06
41535,Abbotabad,KPK,Abbotabad,30,2025-04-06
41571,RAWALPINDI,Punjab,RAWALPINDI,34,2025-04-06
43544,Baramulla,Kashmir,Baramulla,22,2025-04-06
41598,JHELUM,Punjab,JHELUM,39,2025-04-06
41757,GWADAR,Balochistan,GWADAR,38,2025-04-06
41525,MALAM JABBA,KPK,MALAM JABBA,22,2025-04-06
41640,LAHORE,Punjab,LAHORE,38,2025-04-06
43541,Pulwama,Kashmir,Pulwama,23,2025-04-06
41738,TURBAT,Balochistan,TURBAT,42,2025-04-06
41634,CHAKWAL,Punjab,CHAKWAL,37,2025-04-06
41747,MOHENJO-DARO,Sindh,MOHENJO-DARO,46,2025-04-06
41697,SIBBI,Balochistan,SIBBI,46,2025-04-06
41700,BAHAWALPUR,Punjab,BAHAWALPUR,41,2025-04-06
41764,HYDERABAD,Sindh,HYDERABAD,45,2025-04-06
41505,HUNZA,GB,HUNZA,26,2025-04-06
41786,MITHI,Sindh,MITHI,45,2025-04-06
41577,ISLAMABAD,Islamabad,ISLAMABAD,35,2025-04-06
43534,Jammu,Kashmir,Jammu,35,2025-04-06
41562,BANNU,KPK,BANNU,36,2025-04-06
41660,QUETTA,Balochistan,QUETTA,47,2025-04-06
41523,SAIDU SHARIF,KPK,SAIDU SHARIF,31,2025-04-06
41675,MULTAN,Punjab,MULTAN,40,2025-04-06
41680,SAHIWAL,Punjab,SAHIWAL,39,2025-04-06
43532,MUZAFFARABAD,Kashmir,MUZAFFARABAD,37,2025-04-06
43533,GARHI DOPATTA,Kashmir,GARHI DOPATTA,36,2025-04-06
43543,Shopian,Kashmir,Shopian,23,2025-04-06
41573,MURREE,Punjab,MURREE,25,2025-04-06
41567,Attock,Punjab,Attock,36,2025-04-06
41780,KARACHI,Sindh,KARACHI,40,2025-04-06
41630,FAISALABAD,Punjab,FAISALABAD,38,2025-04-06
43542,Anantnag,Kashmir,Anantnag,22,2025-04-06
41516,GILGIT,GB,GILGIT,31,2025-04-06
41506,CHITRAL,KPK,CHITRAL,26,2025-04-06
41710,NOKKUNDI,Balochistan,NOKKUNDI,42,2025-04-06
41724,SUKKUR,Sindh,SUKKUR,45,2025-04-06
41508,DIR,KPK,DIR,30,2025-04-06
41520,ASTORE,GB,ASTORE,20,2025-04-06
41743,DADU,Sindh,DADU,47,2025-04-06
41530,PESHAWAR AIRPORT,KPK,PESHAWAR AIRPORT,37,2025-04-06
41783,THATTA,Sindh,THATTA,40,2025-04-06
41624,D-I-KHAN,KPK,D-I-KHAN,40,2025-04-06
41593,SARGODHA,Punjab,SARGODHA,39,2025-04-06
41652,D G KHAN,Punjab,D G KHAN,41,2025-04-06
41749,NAWABSHAH,Sindh,NAWABSHAH,47,2025-04-06
43544,Baramulla,Kashmir,Baramulla,22,2025-04-05
41660,QUETTA,Balochistan,QUETTA,31,2025-04-05
41574,RAWALAKOT,Kashmir,RAWALAKOT,22,2025-04-05
41571,RAWALPINDI,Punjab,RAWALPINDI,30,2025-04-05
41525,MALAM JABBA,KPK,MALAM JABBA,17,2025-04-05
43533,GARHI DOPATTA,Kashmir,GARHI DOPATTA,33,2025-04-05
41624,D-I-KHAN,KPK,D-I-KHAN,34,2025-04-05
41506,CHITRAL,KPK,CHITRAL,24,2025-04-05
41598,JHELUM,Punjab,JHELUM,35,2025-04-05
41562,BANNU,KPK,BANNU,31,2025-04-05
41747,MOHENJO-DARO,Sindh,MOHENJO-DARO,37,2025-04-05
43534,Jammu,Kashmir,Jammu,33,2025-04-05
41508,DIR,KPK,DIR,26,2025-04-05
41630,FAISALABAD,Punjab,FAISALABAD,33,2025-04-05
43535,Leh,Kashmir,Leh,10,2025-04-05
41756,JIWANI,Balochistan,JIWANI,39,2025-04-05
41700,BAHAWALPUR,Punjab,BAHAWALPUR,35,2025-04-05
41786,MITHI,Sindh,MITHI,43,2025-04-05
41640,LAHORE,Punjab,LAHORE,34,2025-04-05
41696,KALAT,Balochistan,KALAT,28,2025-04-05
41780,KARACHI,Sindh,KARACHI,39,2025-04-05
41680,SAHIWAL,Punjab,SAHIWAL,34,2025-04-05
41743,DADU,Sindh,DADU,38,2025-04-05
41520,ASTORE,GB,ASTORE,17,2025-04-05
41675,MULTAN,Punjab,MULTAN,35,2025-04-05
43541,Pulwama,Kashmir,Pulwama,22,2025-04-05
41577,ISLAMABAD,Islamabad,ISLAMABAD,31,2025-04-05
43542,Anantnag,Kashmir,Anantnag,23,2025-04-05
41523,SAIDU SHARIF,KPK,SAIDU SHARIF,28,2025-04-05
41567,Attock,Punjab,Attock,31,2025-04-05
41738,TURBAT,Balochistan,TURBAT,42,2025-04-05
41757,GWADAR,Balochistan,GWADAR,38,2025-04-05
41517,SKARDU,GB,SKARDU,19,2025-04-05
41516,GILGIT,GB,GILGIT,25,2025-04-05
43532,MUZAFFARABAD,Kashmir,MUZAFFARABAD,31,2025-04-05
41535,Abbotabad,KPK,Abbotabad,27,2025-04-05
41593,SARGODHA,Punjab,SARGODHA,36,2025-04-05
41764,HYDERABAD,Sindh,HYDERABAD,37,2025-04-05
41634,CHAKWAL,Punjab,CHAKWAL,31,2025-04-05
41697,SIBBI,Balochistan,SIBBI,38,2025-04-05
41573,MURREE,Punjab,MURREE,21,2025-04-05
43543,Shopian,Kashmir,Shopian,23,2025-04-05
43536,Srinagar,Kashmir,Srinagar,22,2025-04-05
41652,D G KHAN,Punjab,D G KHAN,35,2025-04-05
41724,SUKKUR,Sindh,SUKKUR,36,2025-04-05
41783,THATTA,Sindh,THATTA,39,2025-04-05
41710,NOKKUNDI,Balochistan,NOKKUNDI,40,2025-04-05
41749,NAWABSHAH,Sindh,NAWABSHAH,38,2025-04-05
41505,HUNZA,GB,HUNZA,19,2025-04-05
41530,PESHAWAR AIRPORT,KPK,PESHAWAR AIRPORT,32,2025-04-05
41520,ASTORE,GB,ASTORE,14,2025-04-04
41757,GWADAR,Balochistan,GWADAR,36,2025-04-04
41630,FAISALABAD,Punjab,FAISALABAD,33,2025-04-04
43533,GARHI DOPATTA,Kashmir,GARHI DOPATTA,24,2025-04-04
41724,SUKKUR,Sindh,SUKKUR,40,2025-04-04
41530,PESHAWAR AIRPORT,KPK,PESHAWAR AIRPORT,25,2025-04-04
41506,CHITRAL,KPK,CHITRAL,18,2025-04-04
41516,GILGIT,GB,GILGIT,23,2025-04-04
41710,NOKKUNDI,Balochistan,NOKKUNDI,38,2025-04-04
41675,MULTAN,Punjab,MULTAN,32,2025-04-04
41738,TURBAT,Balochistan,TURBAT,41,2025-04-04
41783,THATTA,Sindh,THATTA,42,2025-04-04
41634,CHAKWAL,Punjab,CHAKWAL,26,2025-04-04
41780,KARACHI,Sindh,KARACHI,36,2025-04-04
41660,QUETTA,Balochistan,QUETTA,27,2025-04-04
41567,Attock,Punjab,Attock,24,2025-04-04
41505,HUNZA,GB,HUNZA,17,2025-04-04
43536,Srinagar,Kashmir,Srinagar,17,2025-04-04
41508,DIR,KPK,DIR,15,2025-04-04
41573,MURREE,Punjab,MURREE,14,2025-04-04
41574,RAWALAKOT,Kashmir,RAWALAKOT,18,2025-04-04
43532,MUZAFFARABAD,Kashmir,MUZAFFARABAD,26,2025-04-04
43543,Shopian,Kashmir,Shopian,17,2025-04-04
41749,NAWABSHAH,Sindh,NAWABSHAH,44,2025-04-04
43544,Baramulla,Kashmir,Baramulla,18,2025-04-04
41523,SAIDU SHARIF,KPK,SAIDU SHARIF,19,2025-04-04
41696,KALAT,Balochistan,KALAT,24,2025-04-04
41652,D G KHAN,Punjab,D G KHAN,33,2025-04-04
41598,JHELUM,Punjab,JHELUM,32,2025-04-04
41571,RAWALPINDI,Punjab,RAWALPINDI,26,2025-04-04
41577,ISLAMABAD,Islamabad,ISLAMABAD,26,2025-04-04
41747,MOHENJO-DARO,Sindh,MOHENJO-DARO,42,2025-04-04
43541,Pulwama,Kashmir,Pulwama,18,2025-04-04
41680,SAHIWAL,Punjab,SAHIWAL,33,2025-04-04
41700,BAHAWALPUR,Punjab,BAHAWALPUR,34,2025-04-04
43534,Jammu,Kashmir,Jammu,32,2025-04-04
41786,MITHI,Sindh,MITHI,45,2025-04-04
41525,MALAM JABBA,KPK,MALAM JABBA,11,2025-04-04
41743,DADU,Sindh,DADU,42,2025-04-04
41697,SIBBI,Balochistan,SIBBI,38,2025-04-04
41764,HYDERABAD,Sindh,HYDERABAD,42,2025-04-04
41535,Abbotabad,KPK,Abbotabad,20,2025-04-04
43542,Anantnag,Kashmir,Anantnag,17,2025-04-04
43535,Leh,Kashmir,Leh,10,2025-04-04
41624,D-I-KHAN,KPK,D-I-KHAN,32,2025-04-04
41517,SKARDU,GB,SKARDU,18,2025-04-04
41640,LAHORE,Punjab,LAHORE,32,2025-04-04
41562,BANNU,KPK,BANNU,27,2025-04-04
41756,JIWANI,Balochistan,JIWANI,34,2025-04-04
41593,SARGODHA,Punjab,SARGODHA,31,2025-04-04
41640,LAHORE,Punjab,LAHORE,34,2025-04-03
41574,RAWALAKOT,Kashmir,RAWALAKOT,23,2025-04-03
41747,MOHENJO-DARO,Sindh,MOHENJO-DARO,40,2025-04-03
43542,Anantnag,Kashmir,Anantnag,25,2025-04-03
41660,QUETTA,Balochistan,QUETTA,28,2025-04-03
43532,MUZAFFARABAD,Kashmir,MUZAFFARABAD,34,2025-04-03
41525,MALAM JABBA,KPK,MALAM JABBA,17,2025-04-03
41562,BANNU,KPK,BANNU,32,2025-04-03
41675,MULTAN,Punjab,MULTAN,37,2025-04-03
43535,Leh,Kashmir,Leh,10,2025-04-03
43543,Shopian,Kashmir,Shopian,22,2025-04-03
41780,KARACHI,Sindh,KARACHI,39,2025-04-03
41573,MURREE,Punjab,MURREE,20,2025-04-03
41567,Attock,Punjab,Attock,34,2025-04-03
41738,TURBAT,Balochistan,TURBAT,42,2025-04-03
41593,SARGODHA,Punjab,SARGODHA,35,2025-04-03
41530,PESHAWAR AIRPORT,KPK,PESHAWAR AIRPORT,33,2025-04-03
41523,SAIDU SHARIF,KPK,SAIDU SHARIF,28,2025-04-03
41697,SIBBI,Balochistan,SIBBI,37,2025-04-03
41749,NAWABSHAH,Sindh,NAWABSHAH,42,2025-04-03
41520,ASTORE,GB,ASTORE,17,2025-04-03
41571,RAWALPINDI,Punjab,RAWALPINDI,31,2025-04-03
41786,MITHI,Sindh,MITHI,41,2025-04-03
41535,Abbotabad,KPK,Abbotabad,27,2025-04-03
41680,SAHIWAL,Punjab,SAHIWAL,36,2025-04-03
41700,BAHAWALPUR,Punjab,BAHAWALPUR,39,2025-04-03
41652,D G KHAN,Punjab,D G KHAN,36,2025-04-03
43534,Jammu,Kashmir,Jammu,32,2025-04-03
41710,NOKKUNDI,Balochistan,NOKKUNDI,37,2025-04-03
41516,GILGIT,GB,GILGIT,26,2025-04-03
41764,HYDERABAD,Sindh,HYDERABAD,40,2025-04-03
43541,Pulwama,Kashmir,Pulwama,24,2025-04-03
41577,ISLAMABAD,Islamabad,ISLAMABAD,33,2025-04-03
41757,GWADAR,Balochistan,GWADAR,35,2025-04-03
41783,THATTA,Sindh,THATTA,41,2025-04-03
41508,DIR,KPK,DIR,27,2025-04-03
41517,SKARDU,GB,SKARDU,18,2025-04-03
43533,GARHI DOPATTA,Kashmir,GARHI DOPATTA,32,2025-04-03
41743,DADU,Sindh,DADU,40,2025-04-03
41630,FAISALABAD,Punjab,FAISALABAD,35,2025-04-03
41624,D-I-KHAN,KPK,D-I-KHAN,36,2025-04-03
43544,Baramulla,Kashmir,Baramulla,24,2025-04-03
41505,HUNZA,GB,HUNZA,19,2025-04-03
41506,CHITRAL,KPK,CHITRAL,22,2025-04-03
41696,KALAT,Balochistan,KALAT,24,2025-04-03
41598,JHELUM,Punjab,JHELUM,35,2025-04-03
41634,CHAKWAL,Punjab,CHAKWAL,34,2025-04-03
43536,Srinagar,Kashmir,Srinagar,24,2025-04-03
41756,JIWANI,Balochistan,JIWANI,34,2025-04-03
41724,SUKKUR,Sindh,SUKKUR,40,2025-04-03
41757,GWADAR,Balochistan,GWADAR,38,2025-04-02
41573,MURREE,Punjab,MURREE,20,2025-04-02
43534,Jammu,Kashmir,Jammu,31,2025-04-02
41783,THATTA,Sindh,THATTA,40,2025-04-02
41505,HUNZA,GB,HUNZA,18,2025-04-02
41675,MULTAN,Punjab,MULTAN,35,2025-04-02
43536,Srinagar,Kashmir,Srinagar,22,2025-04-02
43543,Shopian,Kashmir,Shopian,22,2025-04-02
41640,LAHORE,Punjab,LAHORE,33,2025-04-02
43532,MUZAFFARABAD,Kashmir,MUZAFFARABAD,32,2025-04-02
41738,TURBAT,Balochistan,TURBAT,40,2025-04-02
41567,Attock,Punjab,Attock,33,2025-04-02
43535,Leh,Kashmir,Leh,10,2025-04-02
41634,CHAKWAL,Punjab,CHAKWAL,32,2025-04-02
41697,SIBBI,Balochistan,SIBBI,37,2025-04-02
43544,Baramulla,Kashmir,Baramulla,23,2025-04-02
41700,BAHAWALPUR,Punjab,BAHAWALPUR,38,2025-04-02
41786,MITHI,Sindh,MITHI,41,2025-04-02
41516,GILGIT,GB,GILGIT,25,2025-04-02
41747,MOHENJO-DARO,Sindh,MOHENJO-DARO,39,2025-04-02
41535,Abbotabad,KPK,Abbotabad,27,2025-04-02
41764,HYDERABAD,Sindh,HYDERABAD,40,2025-04-02
41525,MALAM JABBA,KPK,MALAM JABBA,16,2025-04-02
41598,JHELUM,Punjab,JHELUM,35,2025-04-02
41517,SKARDU,GB,SKARDU,17,2025-04-02
41577,ISLAMABAD,Islamabad,ISLAMABAD,31,2025-04-02
41562,BANNU,KPK,BANNU,33,2025-04-02
41660,QUETTA,Balochistan,QUETTA,26,2025-04-02
41630,FAISALABAD,Punjab,FAISALABAD,35,2025-04-02
41780,KARACHI,Sindh,KARACHI,38,2025-04-02
41680,SAHIWAL,Punjab,SAHIWAL,35,2025-04-02
41523,SAIDU SHARIF,KPK,SAIDU SHARIF,27,2025-04-02
41724,SUKKUR,Sindh,SUKKUR,39,2025-04-02
41574,RAWALAKOT,Kashmir,RAWALAKOT,23,2025-04-02
41508,DIR,KPK,DIR,26,2025-04-02
41710,NOKKUNDI,Balochistan,NOKKUNDI,36,2025-04-02
41624,D-I-KHAN,KPK,D-I-KHAN,36,2025-04-02
41749,NAWABSHAH,Sindh,NAWABSHAH,41,2025-04-02
41696,KALAT,Balochistan,KALAT,22,2025-04-02
41756,JIWANI,Balochistan,JIWANI,33,2025-04-02
41530,PESHAWAR AIRPORT,KPK,PESHAWAR AIRPORT,32,2025-04-02
43533,GARHI DOPATTA,Kashmir,GARHI DOPATTA,31,2025-04-02
41652,D G KHAN,Punjab,D G KHAN,36,2025-04-02
43542,Anantnag,Kashmir,Anantnag,22,2025-04-02
41520,ASTORE,GB,ASTORE,16,2025-04-02
41743,DADU,Sindh,DADU,39,2025-04-02
43541,Pulwama,Kashmir,Pulwama,23,2025-04-02
41593,SARGODHA,Punjab,SARGODHA,36,2025-04-02
41571,RAWALPINDI,Punjab,RAWALPINDI,30,2025-04-02
41506,CHITRAL,KPK,CHITRAL,19,2025-04-02
43543,Shopian,Kashmir,Shopian,22,2025-04-01
43541,Pulwama,Kashmir,Pulwama,23,2025-04-01
41517,SKARDU,GB,SKARDU,17,2025-04-01
41697,SIBBI,Balochistan,SIBBI,37,2025-04-01
41593,SARGODHA,Punjab,SARGODHA,35,2025-04-01
41696,KALAT,Balochistan,KALAT,21,2025-04-01
41523,SAIDU SHARIF,KPK,SAIDU SHARIF,27,2025-04-01
41680,SAHIWAL,Punjab,SAHIWAL,34,2025-04-01
41571,RAWALPINDI,Punjab,RAWALPINDI,29,2025-04-01
41756,JIWANI,Balochistan,JIWANI,33,2025-04-01
41530,PESHAWAR AIRPORT,KPK,PESHAWAR AIRPORT,32,2025-04-01
41574,RAWALAKOT,Kashmir,RAWALAKOT,21,2025-04-01
41535,Abbotabad,KPK,Abbotabad,20,2025-04-01
41520,ASTORE,GB,ASTORE,14,2025-04-01
41710,NOKKUNDI,Balochistan,NOKKUNDI,35,2025-04-01
41749,NAWABSHAH,Sindh,NAWABSHAH,40,2025-04-01
43532,MUZAFFARABAD,Kashmir,MUZAFFARABAD,30,2025-04-01
41573,MURREE,Punjab,MURREE,19,2025-04-01
41675,MULTAN,Punjab,MULTAN,34,2025-04-01
41747,MOHENJO-DARO,Sindh,MOHENJO-DARO,37,2025-04-01
41786,MITHI,Sindh,MITHI,40,2025-04-01
41525,MALAM JABBA,KPK,MALAM JABBA,16,2025-04-01
41660,QUETTA,Balochistan,QUETTA,25,2025-04-01
41640,LAHORE,Punjab,LAHORE,33,2025-04-01
43535,Leh,Kashmir,Leh,10,2025-04-01
41630,FAISALABAD,Punjab,FAISALABAD,34,2025-04-01
41508,DIR,KPK,DIR,23,2025-04-01
41577,ISLAMABAD,Islamabad,ISLAMABAD,30,2025-04-01
41757,GWADAR,Balochistan,GWADAR,37,2025-04-01
41505,HUNZA,GB,HUNZA,17,2025-04-01
41764,HYDERABAD,Sindh,HYDERABAD,39,2025-04-01
41783,THATTA,Sindh,THATTA,40,2025-04-01
43534,Jammu,Kashmir,Jammu,31,2025-04-01
43536,Srinagar,Kashmir,Srinagar,23,2025-04-01
41724,SUKKUR,Sindh,SUKKUR,38,2025-04-01
41780,KARACHI,Sindh,KARACHI,38,2025-04-01
43542,Anantnag,Kashmir,Anantnag,22,2025-04-01
43533,GARHI DOPATTA,Kashmir,GARHI DOPATTA,30,2025-04-01
41743,DADU,Sindh,DADU,39,2025-04-01
41598,JHELUM,Punjab,JHELUM,34,2025-04-01
41624,D-I-KHAN,KPK,D-I-KHAN,35,2025-04-01
41652,D G KHAN,Punjab,D G KHAN,35,2025-04-01
41506,CHITRAL,KPK,CHITRAL,17,2025-04-01
41634,CHAKWAL,Punjab,CHAKWAL,30,2025-04-01
43544,Baramulla,Kashmir,Baramulla,23,2025-04-01
41562,BANNU,KPK,BANNU,32,2025-04-01
41700,BAHAWALPUR,Punjab,BAHAWALPUR,35,2025-04-01
41567,Attock,Punjab,Attock,31,2025-04-01
41516,GILGIT,GB,GILGIT,23,2025-04-01
41738,TURBAT,Balochistan,TURBAT,41,2025-04-01
